image_id,n_warn,n_fail,codes,m_min_side,m_blur,m_p1,m_p99,m_range,m_clip,m_noise_rel,m_aspect,m_margin,m_tilt_deg,m_tilt_gain
00d7c36e-3cdf-4df6-ac03-6c30cdc8e85b,0,0,,1024.0,0.29218360781669617,0.019607843831181526,0.9921568632125854,0.9725490193814039,0.0063838958740234375,0.004104763521812514,1.0,0.0,1.0,0.02217423915863037
01c09fb1-a917-46ee-8d94-44f844a4eb85,0,0,,1024.0,0.3341520130634308,0.021568628028035164,0.9882352948188782,0.966666666790843,0.0068149566650390625,0.0032472451945687168,1.0,0.0,-8.0,0.13218164443969727
01ef449e-d493-4db2-9162-d83c69f90f40,0,0,,1024.0,0.34438061714172363,0.007843137718737125,0.9911764860153198,0.9833333482965827,0.0077075958251953125,0.005467560151630662,1.0,0.0,-1.0,0.006583511829376221
0216bae7-3ab6-4857-8cc1-3afe8dab3964,1,0,clipped,1024.0,0.07820849865674973,0.0,0.9960784316062927,0.9960784316062927,0.05711841583251953,0.0045791227956149035,1.0,0.0,-1.0,0.0056899189949035645
02bc87cb-6660-4faa-97e4-4de01cb640a4,1,0,clipped,1024.0,0.23628294467926025,0.0,0.9882352948188782,0.9882352948188782,0.051184654235839844,0.00257727953153864,1.0,0.0,5.0,0.0350533127784729
031d627f-e6af-4588-8cca-6be8aa1222c7,0,0,,1024.0,1.406345009803772,0.003921568859368563,0.9882352948188782,0.9843137259595096,0.009113311767578125,0.0047125132082231,1.0,0.0,10.0,0.2097923457622528
0353021e-7391-4aa5-80ca-d57a51123304,0,0,,1024.0,0.3288755714893341,0.007843137718737125,0.9715686440467834,0.9637255063280463,0.008331298828125,0.006473708024454341,1.0,0.0,1.0,0.014510571956634521
042bde1a-88c1-4ae5-af0c-1a409e1e09ee,1,0,clipped,1024.0,0.08722060173749924,0.0,0.9803921580314636,0.9803921580314636,0.024534225463867188,0.004704444586389994,1.0,0.0,3.0,0.019138038158416748
0497796c-c5a0-4eb5-b6a4-66794924727c,0,1,clipped,1024.0,0.08424749225378036,0.0,0.9931372404098511,0.9931372404098511,0.1051321029663086,0.004780534491012708,1.0,0.0,3.0,0.030892789363861084
04e1ea5f-1e0d-4f77-82ca-81ff632641d6,1,0,clipped,1024.0,0.28827759623527527,0.0,0.9931372404098511,0.9931372404098511,0.025130271911621094,0.005826531445227575,1.0,0.0,1.0,0.012903690338134766
0516bfd6-2004-48bb-bbb5-e44ae173bcbd,0,0,,1024.0,3.19596004486084,0.019607843831181526,0.9529411792755127,0.9333333354443312,0.006035804748535156,0.007493393139764293,1.0,0.0,-7.0,0.20941758155822754
06a161ab-2614-455b-b83a-00e6b0c29d69,0,0,,1024.0,1.4441169500350952,0.002941176760941744,0.9833333492279053,0.9803921724669635,0.012094497680664062,0.004767083024332074,1.0,0.009765625,-3.0,0.03396451473236084
06ce1fa2-986b-4936-82f5-7b06d0d3b4ff,1,0,clipped,1024.0,0.6730297803878784,0.0,0.9764705896377563,0.9764705896377563,0.03069591522216797,0.0037693488819949207,1.0,0.0,2.0,0.018736958503723145
0727efd2-c063-4409-b326-9532f6531a97,0,0,,1024.0,3.289170265197754,0.07352941483259201,0.9843137264251709,0.9107843115925789,0.006014823913574219,0.0041912355446381555,1.0,0.0,-2.0,0.018043458461761475
078aecd3-abe5-4a09-9c2c-4b13f852bd41,0,0,,1024.0,0.13661478459835052,0.0,0.9921568632125854,0.9921568632125854,0.015737533569335938,0.004634770043129072,1.0,0.0,-3.0,0.042530834674835205
08a09eef-7c20-414d-b36f-bd609dc5c763,0,0,,1024.0,0.30019086599349976,0.003921568859368563,0.9931372404098511,0.9892156715504825,0.006977081298828125,0.003207405657184395,1.0,0.0,2.0,0.02962195873260498
08e237d8-7d4d-410f-b48e-1e2817df9aac,1,0,clipped,1024.0,0.2198326140642166,0.0,0.9637255072593689,0.9637255072593689,0.027131080627441406,0.005498366147122635,1.0,0.0,2.0,0.05149954557418823
0a5a6574-d94d-441f-afe4-115ba66b322e,1,0,clipped,1024.0,2.5711610317230225,0.0,0.9843137264251709,0.9843137264251709,0.04893016815185547,0.004950465604034709,1.0,0.013671875,-2.0,0.028627336025238037
0ad17cb4-c693-4ac1-9bfb-8e7660c265a2,0,0,,1024.0,0.10189615190029144,0.003921568859368563,0.9833333492279053,0.9794117803685367,0.006674766540527344,0.0046473256921778705,1.0,0.0,3.0,0.017670154571533203
0af9ad69-4d76-4de9-b93a-294478a97866,0,0,,1024.0,0.6921389698982239,0.009803921915590763,0.9901961088180542,0.9803921869024634,0.006718635559082031,0.002448849251524329,1.0,0.0,-1.0,0.0047113895416259766
0b92e1e9-78ae-4477-8b7e-f7cac9c79104,1,0,clipped,1024.0,0.18716487288475037,0.0,0.9950979948043823,0.9950979948043823,0.03966808319091797,0.004940009784168337,1.0,0.0,1.0,0.009323596954345703
0bb1cb0e-7377-407d-845e-dce144852d32,1,0,clipped,1024.0,0.12314891815185547,0.0,0.9823529720306396,0.9823529720306396,0.057849884033203125,0.005164663077395316,1.0,0.0,0.0,0.0
0bb7b8e1-ffb4-4c6f-81aa-639e1d138a7f,0,0,,1024.0,0.26273417472839355,0.01568627543747425,0.9872548580169678,0.9715685825794935,0.0060405731201171875,0.003967114157419503,1.0,0.0,1.0,0.013094127178192139
0c5d4987-8535-43da-9236-481f372dbf36,0,0,,1024.0,2.0559067726135254,0.009803921915590763,0.9882352948188782,0.9784313729032874,0.006098747253417969,0.005811842989224624,1.0,0.0,2.0,0.02422797679901123
12ee00f1-d4ea-4546-a07c-d43280aca538,0,1,rotated,1024.0,0.6435261368751526,0.003921568859368563,0.9823529720306396,0.9784314031712711,0.006505012512207031,0.003223685269293773,1.0,0.0,-24.0,0.3154192864894867
141c3013-0cf7-48a4-b15c-c2c5afac3072,1,0,clipped,1024.0,0.12403949350118637,0.0,0.9911764860153198,0.9911764860153198,0.02515125274658203,0.0051359802396595865,1.0,0.0,1.0,0.0016535520553588867
146c007e-546c-474f-8b28-9c321565e5e4,0,1,clipped,1024.0,0.35641124844551086,0.0,0.9852941036224365,0.9852941036224365,0.11631202697753906,0.0045758219670476415,1.0,0.0,2.0,0.01683497428894043
15688c5b-57a9-419c-b93c-115d7cec828d,1,0,clipped,1024.0,0.15988092124462128,0.0,0.9833333492279053,0.9833333492279053,0.042484283447265625,0.004999067226654512,1.0,0.0,2.0,0.02336019277572632
1580d1c7-8898-45bf-bc6f-518f7001ceb0,0,0,,1024.0,0.5217652916908264,0.007843137718737125,0.9882352948188782,0.980392157100141,0.0064544677734375,0.003560953833017348,1.0,0.0,-4.0,0.0453144907951355
159ed892-8494-47c9-a375-3e5a65f0a013,1,0,clipped,1024.0,0.1153639554977417,0.0,0.9941176176071167,0.9941176176071167,0.024178504943847656,0.0050740258341864805,1.0,0.0,2.0,0.02842414379119873
15bba9aa-1a49-4633-ac86-e8000f676d78,1,0,rotated,1024.0,5.909820079803467,0.0117647061124444,0.9378137207031318,0.9260490145906874,0.011325836181640625,0.021879986020002233,1.0,0.0,11.0,0.15251106023788452
16164a04-5f08-4637-8226-e34d2fbdd762,0,0,,1024.0,0.23165690898895264,0.0,0.9656862616539001,0.9656862616539001,0.011321067810058594,0.004572406248362539,1.0,0.0,1.0,0.006239175796508789
166d5e60-e48a-41d8-85d3-4e853a3d5929,0,0,,1024.0,0.8479640483856201,0.0,0.9843137264251709,0.9843137264251709,0.014334678649902344,0.0033051970140751817,1.0,0.0,-3.0,0.00931096076965332
16d4d825-3334-424d-9bfe-0e6fb28c678a,0,0,,1024.0,0.2513701319694519,0.0,0.9941176176071167,0.9941176176071167,0.019395828247070312,0.005213646954614548,1.0,0.0,0.0,0.0
17007534-3a53-4933-8e85-70a439e2880c,0,0,,1024.0,0.1556788831949234,0.003921568859368563,0.9794117212295532,0.9754901523701847,0.009786605834960938,0.005178780591068026,1.0,0.0,1.0,0.006773054599761963
173da42f-917c-4e33-9c95-71132361599c,1,0,clipped,1024.0,0.5284717679023743,0.0,0.9862744808197021,0.9862744808197021,0.052761077880859375,0.00451408745971894,1.0,0.033203125,-1.0,0.00046509504318237305
17709922-a966-48f3-ae70-32fa7b5d418e,0,0,,1024.0,0.6946506500244141,0.003921568859368563,0.981372594833374,0.9774510259740055,0.008939743041992188,0.0035091181032271333,1.0,0.0,-1.0,0.00970393419265747
1872758e-a516-468b-9498-632699a6c729,0,0,,1024.0,0.2209860235452652,0.0,0.9794117212295532,0.9794117212295532,0.017217636108398438,0.005400815541266113,1.0,0.0,-1.0,0.0025194883346557617
192f3509-9413-44f1-a585-57829f15ad38,0,0,,1024.0,1.1498706340789795,0.003921568859368563,0.9843137264251709,0.9803921575658023,0.008978843688964844,0.005667153469316054,1.0,0.0,-8.0,0.24874454736709595
194c4d98-493d-47f6-92d6-7177de349d43,0,0,,1024.0,2.274660110473633,0.013725491240620613,0.9843137264251709,0.9705882351845503,0.007695198059082031,0.0059448184878976885,1.0,0.0,-7.0,0.04567474126815796
19a2b39a-60ac-4412-8e17-c69d1336538e,0,0,,1024.0,0.2825436592102051,0.0,0.9833333492279053,0.9833333492279053,0.016592979431152344,0.0033024837978125597,1.0,0.0,-5.0,0.08613955974578857
1c45bb74-d61c-4b2a-80eb-b4ab0d8ce3ea,1,0,clipped,1024.0,0.1765877902507782,0.0,0.9627450704574585,0.9627450704574585,0.03508567810058594,0.005350951512803906,1.0,0.0,1.0,0.006261467933654785
1d6a285a-9c5f-42f6-b17e-667ce5f76fbf,1,0,clipped,1024.0,0.1065484881401062,0.0,0.9911764860153198,0.9911764860153198,0.02736663818359375,0.004599959623498049,1.0,0.0,2.0,0.015793263912200928
1f45c8c0-4475-45e9-85e5-0cf139d0572b,0,0,,1024.0,0.6119678020477295,0.0,0.9862744808197021,0.9862744808197021,0.0137481689453125,0.003773364953754385,1.0,0.0,-4.0,0.038710594177246094
1ffc10a0-40a4-4a34-92b1-d9cab759f444,1,0,clipped,1024.0,0.8536542654037476,0.0,0.9843137264251709,0.9843137264251709,0.027520179748535156,0.003148029871483204,1.0,0.0,6.0,0.06254851818084717
20a80eb6-1110-4833-8efc-e2cc08adfe9a,0,0,,1024.0,0.10811570286750793,0.01568627543747425,0.9970588088035583,0.9813725333660841,0.009134292602539062,0.00470830274160187,1.0,0.0,2.0,0.02045542001724243
265cf450-572c-48aa-90cd-fb7e3eff3ccf,1,0,clipped,1024.0,0.10768948495388031,0.0,0.9911764860153198,0.9911764860153198,0.07430076599121094,0.004777063440844315,1.0,0.0,-3.0,0.02152937650680542
27f50647-8355-4a2f-91ba-ba3f1ea540d0,1,0,clipped,1024.0,0.0959719717502594,0.0,0.9941176176071167,0.9941176176071167,0.03412437438964844,0.004756716043181512,1.0,0.0,1.0,0.006477952003479004
280bb7b4-408c-46c4-b0e8-a681722421c9,0,0,,1024.0,0.7176191210746765,0.0117647061124444,0.9764705896377563,0.964705883525312,0.0067996978759765625,0.0037036119033259677,1.0,0.0,-1.0,0.01002591848373413
285e0dd4-4f19-47ab-9ce0-6b02c1396f29,0,0,,1024.0,1.1903051137924194,0.003921568859368563,0.9872549176216125,0.983333348762244,0.009765625,0.004823017696138576,1.0,0.0,3.0,0.018975913524627686
2bd2f688-6bed-4f0c-a385-9eed1b1027de,0,0,,1024.0,0.429853618144989,0.0117647061124444,0.9823529720306396,0.9705882659181952,0.0054683685302734375,0.002967348187671537,1.0,0.0,1.0,0.003065764904022217
2db71952-47f3-455b-aed2-675ec9113cf3,0,1,clipped,1024.0,0.1139439046382904,0.0,0.9901961088180542,0.9901961088180542,0.11137104034423828,0.004918421633758965,1.0,0.0,-1.0,0.010297000408172607
2f200e3f-8e4c-4675-948c-8226cd65163a,0,0,,1024.0,0.8794475197792053,0.05098039284348488,0.9931372404098511,0.9421568475663662,0.006893157958984375,0.0037316268998785047,1.0,0.001953125,2.0,0.015002787113189697
315fa31c-3495-451e-b063-5c5944493d17,0,0,,1024.0,0.163808673620224,0.0117647061124444,0.977450966835022,0.9656862607225776,0.0072841644287109375,0.005021238927457576,1.0,0.0,1.0,0.011446058750152588
3162d754-7972-47b0-ae60-1ae6e2bb4150,2,0,clipped;rotated,1024.0,0.12280374765396118,0.0,0.9901961088180542,0.9901961088180542,0.022663116455078125,0.004490830475245693,1.0,0.0,-11.0,0.05277615785598755
316bacdf-2388-4daa-bfce-cc632dcb4f79,1,0,clipped,1024.0,0.15084461867809296,0.0,0.9735294580459595,0.9735294580459595,0.054322242736816406,0.0044656653676763474,1.0,0.0,0.0,0.0
31ce9f98-f5e5-4893-895d-e2c383e76d95,0,0,,1024.0,2.4132299423217773,0.062745101749897,0.9823529124259949,0.9196078106760979,0.007353782653808594,0.004606473856472806,1.0,0.0,-4.0,0.030399441719055176
32a5977f-f8ab-41c9-9b51-5387248e4675,0,0,,1024.0,0.1499052345752716,0.0,0.9852941036224365,0.9852941036224365,0.012964248657226562,0.004944556806635815,1.0,0.0,1.0,0.0040585994720458984
32c00024-2c45-4ba5-a8e6-29bd9aaf85f4,1,0,clipped,1024.0,0.1379391998052597,0.0,0.9911764860153198,0.9911764860153198,0.063720703125,0.004800500463664704,1.0,0.0,-2.0,0.014144539833068848
32cdb1e1-83a5-458c-9643-2eb0c9da54da,1,0,clipped,1024.0,0.12155323475599289,0.0,0.9892156720161438,0.9892156720161438,0.05270671844482422,0.005466475946275917,1.0,0.0,1.0,0.005520641803741455
32d8e2d5-48f4-4ae8-ab21-bb48924bc850,0,0,,1024.0,0.1542735993862152,0.0235294122248888,0.9931372404098511,0.9696078281849623,0.007306098937988281,0.0051723785463680325,1.0,0.0,-1.0,0.01131218671798706
32e8b837-8656-47e1-87ec-b365c7670984,0,0,,1024.0,0.21300721168518066,0.01764705963432789,0.9931372404098511,0.9754901807755232,0.006789207458496094,0.0042667136861233405,1.0,0.0,-1.0,0.006209611892700195
32fbc636-5413-419b-8539-6e6a7cca9f4b,0,0,,1024.0,1.756073236465454,0.003921568859368563,0.9921568632125854,0.9882352943532169,0.007727622985839844,0.0050289370915432,1.0,0.0,5.0,0.08587449789047241
33da8f93-c3f9-413c-bc49-2a51f34aded2,0,0,,1024.0,1.0892504453659058,0.0,0.981372594833374,0.981372594833374,0.012205123901367188,0.004225481545690555,1.0,0.0,-1.0,0.005703866481781006
33f0fb8e-35b4-4680-8f22-990a36899bfa,0,0,,1024.0,0.4288898706436157,0.0019607844296842813,0.9941176176071167,0.9921568331774324,0.010805130004882812,0.003951884107003366,1.0,0.0,-6.0,0.10326772928237915
353e8a3f-aa4f-4688-942f-7e5616923d11,0,0,,1024.0,0.21504253149032593,0.0,0.9950979948043823,0.9950979948043823,0.01797962188720703,0.002865466966365632,1.0,0.0,-5.0,0.05270028114318848
35677465-3a7b-4356-b4f1-36136cd7186b,0,0,,1024.0,0.7431268095970154,0.0,0.9803921580314636,0.9803921580314636,0.014893531799316406,0.0033351325762785034,1.0,0.0,7.0,0.07966142892837524
356ed546-ec57-4502-8fb9-1a9b48b6d83f,1,0,clipped,1024.0,0.5975661277770996,0.0,0.9833333492279053,0.9833333492279053,0.03016948699951172,0.004430926983717526,1.0,0.029296875,2.0,0.03132128715515137
35a9fe12-15e7-46d5-9095-529d5298ca70,0,0,,1024.0,0.2923230826854706,0.0,0.9960784316062927,0.9960784316062927,0.011964797973632812,0.0021299619920922296,1.0,0.0,-4.0,0.0034555792808532715
366de153-5cd0-4a35-b09c-4409fdfa81b9,0,1,clipped,1024.0,0.1563834697008133,0.0,0.9872549176216125,0.9872549176216125,0.08314895629882812,0.004706531864556701,1.0,0.0,-1.0,0.010659992694854736
36d55e8a-0fa3-4af7-91e7-725bbdbd442e,1,0,clipped,1024.0,1.0178501605987549,0.0,0.9823529720306396,0.9823529720306396,0.0365447998046875,0.00422093603603124,1.0,0.033203125,0.0,0.0
36f9e046-7b55-498e-97e9-6c6cdcef36e1,1,0,clipped,1024.0,0.21208108961582184,0.0,0.9843137264251709,0.9843137264251709,0.030302047729492188,0.004849500468175202,1.0,0.0,-1.0,0.007200181484222412
37541ec6-57df-4f39-8318-e18663fafd0d,0,0,,1024.0,1.3928972482681274,0.003921568859368563,0.9941176176071167,0.9901960487477481,0.0073833465576171875,0.0030297612370627073,1.0,0.001953125,5.0,0.05171841382980347
379b5fc2-ad30-4dd5-be88-a633ff87649c,0,0,,1024.0,0.48634302616119385,0.007843137718737125,0.9921568632125854,0.9843137254938483,0.0063495635986328125,0.002262767992665651,1.0,0.0,6.0,0.09322470426559448
37eefa29-9ff3-4c78-ac9b-0a0bb500a17c,0,0,,1024.0,0.16686420142650604,0.0,0.9872549176216125,0.9872549176216125,0.016614913940429688,0.004684606035529012,1.0,0.0,-1.0,0.005062282085418701
381e4a17-cf7a-4d8d-8937-5bb3e123056f,1,0,clipped,1024.0,1.8109023571014404,0.0,0.9921568632125854,0.9921568632125854,0.028467178344726562,0.004516875862356605,1.0,0.021484375,-1.0,0.004811644554138184
38266a50-cf99-4476-884a-da94f3c51cba,0,0,,1024.0,0.16212107241153717,0.04215686395764351,0.9960784316062927,0.9539215676486492,0.008550643920898438,0.004845820839295673,1.0,0.0,1.0,0.006985068321228027
38a1c8b7-dc85-4fef-902d-bee0005f996f,0,1,clipped,1024.0,0.10671693831682205,0.0,0.9764705896377563,0.9764705896377563,0.10482406616210938,0.00485654019737156,1.0,0.0,1.0,0.0005863308906555176
38b147a7-352b-4adb-88b5-2449d362acae,0,0,,1024.0,0.8942992091178894,0.004901961423456669,0.9911764860153198,0.9862745245918632,0.006718635559082031,0.005105149129804205,1.0,0.0,-1.0,0.01042020320892334
3a37447e-4d0a-4165-a5a2-74a015de8098,0,1,clipped,1024.0,0.1999642699956894,0.0,0.9401960372924805,0.9401960372924805,0.1312417984008789,0.005513134164871696,1.0,0.0,8.0,0.05694246292114258
3a4bdc29-1bbf-4dd9-9fe7-00c42a081bc1,0,0,,1024.0,0.31546083092689514,0.003921568859368563,0.9882352948188782,0.9843137259595096,0.008311271667480469,0.0029502045778201534,1.0,0.0,-1.0,0.004091501235961914
3a61e62c-62b5-4f89-ba74-32e52ef8321d,1,0,clipped,1024.0,0.22824546694755554,0.0,0.9901961088180542,0.9901961088180542,0.02541637420654297,0.005474350612087019,1.0,0.0,2.0,0.014899849891662598
3a7bffef-ed40-4764-a8ab-2b0ec8820e8b,1,0,clipped,1024.0,0.1623590588569641,0.0,0.9911764860153198,0.9911764860153198,0.03327178955078125,0.004745644220650122,1.0,0.0,-2.0,0.026283860206604004
3b3e5b7a-83b7-44e9-8da0-7ca48f13486d,2,0,clipped;rotated,1024.0,0.9255514144897461,0.0,0.9843137264251709,0.9843137264251709,0.029514312744140625,0.005322727707179039,1.0,0.01953125,13.0,0.19481438398361206
3b6ec358-1b18-41ca-9941-3d9f60739b7a,0,0,,1024.0,1.1166406869888306,0.011764707043766975,0.9862744808197021,0.9745097737759352,0.006005287170410156,0.0027933004404879533,1.0,0.0,-4.0,0.04632514715194702
3bf77f8e-ff1d-4eb2-a999-80d784bb6842,1,0,clipped,1024.0,1.3156737089157104,0.0,0.9823529720306396,0.9823529720306396,0.021953582763671875,0.003464787753974753,1.0,0.021484375,4.0,0.07087993621826172
3cd77f6e-8eb3-4900-bc19-3921d8d22960,0,1,clipped,1024.0,0.15491291880607605,0.0,0.9872548580169678,0.9872548580169678,0.10634517669677734,0.004849478426059999,1.0,0.0,-1.0,0.004085123538970947
3cf4dbff-f5ff-407e-b902-be8040ed992a,0,1,rotated,1024.0,0.31537553668022156,0.003921568859368563,0.9843137264251709,0.9803921575658023,0.005909919738769531,0.0037308550450024175,1.0,0.0,30.0,0.10624732077121735
3d619fcd-67e5-477d-8942-f59a9fde8aaf,0,0,,1024.0,0.5636257529258728,0.0,0.9921568632125854,0.9921568632125854,0.012053489685058594,0.006013463255996054,1.0,0.0,3.0,0.039567768573760986
3de7efd4-d074-4fee-95d7-4718e4d7df91,1,0,clipped,1024.0,0.19680975377559662,0.0,0.9872549176216125,0.9872549176216125,0.020737648010253906,0.005324686447354875,1.0,0.0,1.0,0.0036934614181518555
3e37afc9-f726-407c-84d0-df382e141721,0,1,rotated,1024.0,0.3016164302825928,0.003921568859368563,0.9921568632125854,0.9882352943532169,0.006472587585449219,0.002318160378305511,1.0,0.0,30.0,0.2142818570137024
3ea0b8a7-708c-4e1d-9a3e-fbac3f326b0d,1,0,clipped,1024.0,0.09820446372032166,0.0,0.9980392456054688,0.9980392456054688,0.06772899627685547,0.004222097564097648,1.0,0.0,-3.0,0.01878756284713745
3ecaa81f-9128-4e65-951a-091280adb30d,0,0,,1024.0,0.33006682991981506,0.003921568859368563,0.9901961088180542,0.9862745399586856,0.00862884521484375,0.0031518904518424524,1.0,0.0,-3.0,0.02288717031478882
3f33bafd-eb7a-41c0-b888-b1269f241c9c,0,0,,1024.0,0.17283888161182404,0.007843137718737125,0.9931372404098511,0.985294102691114,0.0070056915283203125,0.0030087323328279827,1.0,0.0,3.0,0.051738619804382324
3fafd8bd-2ec9-4d78-be49-52b5f74ff088,0,0,,1024.0,2.0053353309631348,0.07450980693101883,0.9882352948188782,0.9137254878878593,0.005326271057128906,0.0044565860459600225,1.0,0.00390625,-1.0,0.017845451831817627
3fff0799-2364-415a-a5c4-7e16ec74a9d9,0,1,clipped,1024.0,0.08002124726772308,0.0,0.9950979948043823,0.9950979948043823,0.0998392105102539,0.004473827847658331,1.0,0.0,5.0,0.09400087594985962
4022d991-46d8-4fcd-a898-a6e5a2dabb13,0,0,,1024.0,0.3636528253555298,0.007843137718737125,0.9901961088180542,0.9823529710993171,0.006705284118652344,0.002882821290852775,1.0,0.0,-3.0,0.02312403917312622
411a54f5-4dbb-4684-a34a-df300a20f851,1,0,clipped,1024.0,0.6846339702606201,0.0,0.9789901846647331,0.9789901846647331,0.05988883972167969,0.0034530949674544385,1.0,0.0546875,-3.0,0.03689980506896973
412c7d55-6146-450c-a4bc-0c87cb332f00,1,0,clipped,1024.0,0.872786283493042,0.0,0.9764705896377563,0.9764705896377563,0.021091461181640625,0.0038528483748579,1.0,0.0,7.0,0.08889824151992798
41429517-fd3f-4d89-b730-38077c925714,0,0,,1024.0,1.4096301794052124,0.0019607844296842813,0.9852941036224365,0.9833333191927522,0.011057853698730469,0.006071319952700603,1.0,0.009765625,2.0,0.018493711948394775
41c5032e-0c2e-4d64-8f7e-f41e5fa881e7,1,0,clipped,1024.0,0.6683331727981567,0.0,0.9911764860153198,0.9911764860153198,0.020186424255371094,0.004778679978238712,1.0,0.021484375,-1.0,0.0007597208023071289
41c5ca32-16da-4e95-8e33-7d9c74310169,1,0,clipped,1024.0,0.19878622889518738,0.0,0.9833333492279053,0.9833333492279053,0.025818824768066406,0.004927301278604753,1.0,0.0,1.0,0.010618984699249268
429ce315-0640-4a04-b241-6cdef80b5445,1,0,clipped,1024.0,0.27046504616737366,0.0,0.9911764860153198,0.9911764860153198,0.022391319274902344,0.002983835660715093,1.0,0.0,4.0,0.01904010772705078
42e70b52-5f58-4106-be26-f49b4bcbc4d0,0,0,,1024.0,1.7069733142852783,0.007843137718737125,0.9872549176216125,0.9794117799028754,0.008139610290527344,0.0059855182800574065,1.0,0.0,2.0,0.022683441638946533
436e8051-b69b-4557-a8fe-90b40230e01e,0,0,,1024.0,0.2590465247631073,0.037254903465509415,0.9921568632125854,0.954901959747076,0.008221626281738281,0.005677279122668221,1.0,0.0,2.0,0.013181030750274658
43db9133-c2d9-42a9-bf91-2ea2bc256fbb,0,0,,1024.0,0.23731712996959686,0.0009803922148421407,0.9607843160629272,0.9598039238480851,0.011016845703125,0.005334443526752349,1.0,0.0,1.0,0.012476205825805664
458c6251-34a1-43f1-9035-1dfa11664cd8,0,0,,1024.0,0.14632853865623474,0.0,0.9745098352432251,0.9745098352432251,0.014078140258789062,0.00459406765986363,1.0,0.0,-1.0,0.006071031093597412
462660b4-7813-4a43-93ea-e889f69f9c2e,0,1,rotated,1024.0,0.6937475800514221,0.0,0.9803921580314636,0.9803921580314636,0.014812469482421875,0.003963903139866074,1.0,0.0,-30.0,0.14202088117599487
466427cd-706f-41ec-adc6-382a05b8caad,0,1,rotated,1024.0,0.08347931504249573,0.003921568859368563,0.9803921580314636,0.9764705891720951,0.009026527404785156,0.004376742999058527,1.0,0.0,-30.0,0.05731356143951416
46b883f0-54ec-40e9-963a-170936fbcf6c,0,0,,1024.0,1.3733803033828735,0.0117647061124444,0.9803921580314636,0.9686274519190192,0.00611114501953125,0.00546647227882525,1.0,0.0,6.0,0.07218486070632935
46da5af2-a757-4670-90cb-5cc59c1e6d87,1,0,rotated,1024.0,0.2931515872478485,0.0117647061124444,0.9882352948188782,0.9764705887064338,0.006199836730957031,0.0021879116839118706,1.0,0.0,-12.0,0.11220201849937439
46dcbdc2-0644-4697-853b-b9da4b15e3bc,0,1,rotated,1024.0,0.8414958119392395,0.003921568859368563,0.9862745404243469,0.9823529715649784,0.008261680603027344,0.004386291543742492,1.0,0.0,-30.0,0.14934438467025757
4738ed4e-96a7-4c15-9b7c-a68e42721192,0,0,,1024.0,0.6209348440170288,0.0,0.9921568632125854,0.9921568632125854,0.018707275390625,0.003919401005741301,1.0,0.015625,-2.0,0.019357144832611084
4748d5a3-81a8-4761-b65e-2cba79753be9,0,0,,1024.0,1.577785849571228,0.0470588244497776,0.981372594833374,0.9343137703835964,0.005858421325683594,0.005878320690623394,1.0,0.0,-3.0,0.035100698471069336
47a9861c-96c9-4659-a15d-a70e853a9691,0,0,,1024.0,0.6225656270980835,0.005882353521883488,0.9784313440322876,0.9725489905104041,0.007282257080078125,0.004397952406658374,1.0,0.0,2.0,0.03604614734649658
47ba820c-c63e-4efa-90af-7b88e6741151,1,0,rotated,1024.0,0.3483680486679077,0.008823529817163944,0.9960784316062927,0.9872549017891288,0.0059757232666015625,0.0022293271024249367,1.0,0.0,18.0,0.04246032238006592
48094385-2a86-48bd-9219-7f9cacdbb8ce,1,0,clipped,1024.0,0.12494317442178726,0.0,0.9941176176071167,0.9941176176071167,0.0699605941772461,0.004974590502610533,1.0,0.0,-1.0,0.0037589669227600098
48eb6bcf-ddda-49f3-9f80-5a7a11b5bccc,0,0,,1024.0,2.128028631210327,0.003921568859368563,0.9892156720161438,0.9852941031567752,0.006234169006347656,0.0047094197549939106,1.0,0.0,-6.0,0.09699845314025879
4b0b35fc-c1a9-4808-8e51-a85a0e0b78d9,0,1,rotated,1024.0,0.9106404781341553,0.0,0.9921568632125854,0.9921568632125854,0.019742965698242188,0.003987897229527761,1.0,0.0,27.0,0.06577789783477783
4b1d3e29-2e48-45b6-974d-a8c7dc5f37e1,1,0,clipped,1024.0,0.1940709501504898,0.0,0.9901961088180542,0.9901961088180542,0.028777122497558594,0.004878942395518541,1.0,0.0,1.0,0.0009358525276184082
4b42e5ba-47c2-44dc-9ebe-9c43d4ace958,0,0,,1024.0,0.10485944896936417,0.0,0.9887941098213264,0.9887941098213264,0.01999664306640625,0.004548078192449369,1.0,0.0,2.0,0.032418012619018555
4b465daf-f77c-4daf-b70f-2e312a1e6951,0,0,,1024.0,0.27088749408721924,0.0,0.970588207244873,0.970588207244873,0.01427459716796875,0.0060551493779870715,1.0,0.0,2.0,0.011962711811065674
4b77eebc-e936-4aa7-b757-dcee78710a01,1,0,rotated,1024.0,0.4563825726509094,0.0117647061124444,0.9882352948188782,0.9764705887064338,0.005953788757324219,0.0031729249112816106,1.0,0.0,-12.0,0.08256644010543823
4b7d10d8-97b4-4d5b-9a74-01c7c8a13b10,1,1,clipped;rotated,1024.0,0.906592607498169,0.0,0.9911764860153198,0.9911764860153198,0.08403778076171875,0.004597045820779073,1.0,0.03515625,-16.0,0.1262296736240387
4bb260cc-acf9-4392-8091-6affb568b589,0,1,clipped,1024.0,0.2804884910583496,0.0,0.8823529481887817,0.8823529481887817,0.11887359619140625,0.005074469487505139,1.0,0.0,-3.0,0.06154817342758179
4ce52e89-424e-4263-ac53-c419f7219749,1,0,clipped,1024.0,0.18054158985614777,0.0,0.9803921580314636,0.9803921580314636,0.046962738037109375,0.005435062922723328,1.0,0.0,8.0,0.07198405265808105
4d23b791-1166-45f1-bf30-8188c75ad5b7,0,0,,1024.0,0.8655615448951721,0.003921568859368563,0.9960784316062927,0.9921568627469242,0.008029937744140625,0.0026272750626704735,1.0,0.00390625,1.0,0.0009974241256713867
4d43c0dd-d87b-4ccf-83df-c82be5ea2aef,0,1,clipped,1024.0,0.6729066371917725,0.0,0.9823529720306396,0.9823529720306396,0.11309528350830078,0.003235105285775281,1.0,0.056640625,7.0,0.06376445293426514
4e4c8f09-6600-4198-bb73-cbb46a32f771,0,1,clipped,1024.0,0.11186569929122925,0.0,0.981372594833374,0.981372594833374,0.1744089126586914,0.004097402359081045,1.0,0.0,2.0,0.01353144645690918
4e601c9a-a233-4205-aa59-39718879a0c9,0,0,,1024.0,0.7621826529502869,0.03529411926865578,0.9960784316062927,0.960784312337637,0.0076007843017578125,0.002646248162426645,1.0,0.0,2.0,0.01111513376235962
4eea8e3e-6760-416e-b236-34b192866578,1,0,clipped,1024.0,0.1372944712638855,0.0,0.9950979948043823,0.9950979948043823,0.021653175354003906,0.004292187938171561,1.0,0.0,1.0,0.010079503059387207
4f93c4a5-c309-4c1e-b71a-58c2f3b38353,1,0,clipped,1024.0,1.2042384147644043,0.0,0.9960784316062927,0.9960784316062927,0.049719810485839844,0.002434140481926345,1.0,0.033203125,1.0,0.012830674648284912
4fe67675-c814-4416-901f-897ef80d437d,1,1,clipped;rotated,1024.0,0.11477066576480865,0.0,0.9862744808197021,0.9862744808197021,0.10393714904785156,0.005099750815529828,1.0,0.0,13.0,0.200566828250885
500a0bb1-131c-4b5f-8066-5de049daefc8,1,0,clipped,1024.0,0.10686274617910385,0.0,0.9950979948043823,0.9950979948043823,0.07092571258544922,0.004435345016361594,1.0,0.0,1.0,0.004110872745513916
5013133b-e0dc-4c38-9350-8fd512c09a97,0,0,,1024.0,0.3523620069026947,0.003921568859368563,0.9901961088180542,0.9862745399586856,0.009344100952148438,0.0032388617030644933,1.0,0.0,-6.0,0.1326519250869751
50845a20-98db-47d2-8254-5e3e07acb6a0,1,0,clipped,1024.0,1.1740292310714722,0.0,0.9921568632125854,0.9921568632125854,0.031711578369140625,0.003640378809828263,1.0,0.01953125,2.0,0.03213530778884888
512d246f-2480-4820-810a-dfa2d188f9b6,1,0,clipped,1024.0,0.7233611941337585,0.0,0.9921568632125854,0.9921568632125854,0.04912281036376953,0.0034910865741129195,1.0,0.0,2.0,0.03755772113800049
51bcdf8f-1ec3-4ba5-96e1-9120e4963b14,0,0,,1024.0,0.19157975912094116,0.0,0.9921568632125854,0.9921568632125854,0.01821136474609375,0.005226892199525453,1.0,0.0,-1.0,0.001457810401916504
51e49fd4-6198-4b96-ac8f-299231671a17,0,0,,1024.0,0.15793803334236145,0.021009804531931717,0.9598039388656616,0.9387941343337299,0.008100509643554688,0.004658657361257592,1.0,0.0,5.0,0.08535528182983398
547b5577-865c-45c5-af67-9c239e5d4eab,0,0,,1024.0,1.209168791770935,0.012745099142193794,0.9950980544090271,0.9823529552668333,0.007399559020996094,0.004154216847342854,1.0,0.0,8.0,0.1352136731147766
54eb650c-09f4-43fe-8ba8-6ea720264253,0,0,,1024.0,0.46125030517578125,0.003921568859368563,0.9823529720306396,0.9784314031712711,0.005707740783691406,0.0031295424240734924,1.0,0.0,-2.0,0.012024462223052979
558f62c4-aea5-45fb-a067-2bc8ea07e4d5,0,1,clipped,1024.0,0.6550778150558472,0.0,0.9823529720306396,0.9823529720306396,0.18391895294189453,0.0033686300282213567,1.0,0.08984375,-3.0,0.04958748817443848
561d7cbc-240e-4c5a-874b-0cc07cadefff,1,0,clipped,1024.0,0.3234539031982422,0.0,0.9960784316062927,0.9960784316062927,0.053436279296875,0.005128465759052527,1.0,0.0,-2.0,0.02220553159713745
56879516-a43e-49f8-a482-8df58d7c4c3b,1,0,rotated,1024.0,1.6499608755111694,0.0117647061124444,0.9823529720306396,0.9705882659181952,0.006389617919921875,0.00723231592119449,1.0,0.0,-11.0,0.25319093465805054
576429a6-dd25-472b-ad28-8a8e09f32bb3,1,0,rotated,1024.0,1.4092938899993896,0.03333333507180214,0.9803921580314636,0.9470588229596615,0.0055866241455078125,0.0029889557817197585,1.0,0.0,-17.0,0.0308225154876709
57bffc6f-1656-45a2-9e49-e28d1dcbeee1,0,1,rotated,1024.0,0.6271663308143616,0.0019607844296842813,0.9843137264251709,0.9823529419954866,0.010149955749511719,0.003592970355162253,1.0,0.0,-30.0,0.24742239713668823
588cad7d-1f13-48f1-8606-39a61bb41a76,0,0,,1024.0,0.37861013412475586,0.0,0.9823529720306396,0.9823529720306396,0.0143890380859375,0.0027790870902661175,1.0,0.0,3.0,0.02529275417327881
59aa41cb-ece4-46c3-8ded-a26ed0284271,0,1,clipped,1024.0,0.4961223900318146,0.0,0.9833333492279053,0.9833333492279053,0.08037090301513672,0.002982664294925386,1.0,0.068359375,-6.0,0.022838592529296875
5a09e3da-1f9d-4cda-84e9-d8bd5818daf9,0,0,,1024.0,0.15552513301372528,0.0,0.979411780834198,0.979411780834198,0.0158843994140625,0.005570749564692296,1.0,0.0,2.0,0.030139029026031494
5a133587-a3b4-4515-be3e-fd0ee5a39f7a,0,0,,1024.0,0.4424150288105011,0.0,0.9882352948188782,0.9882352948188782,0.015429496765136719,0.002602528483663302,1.0,0.0,-6.0,0.17864108085632324
5a30d39a-979b-4646-a17a-87a8e6fe5322,1,0,clipped,1024.0,0.41799265146255493,0.0,0.9784313440322876,0.9784313440322876,0.03973865509033203,0.0028419443756412454,1.0,0.03125,2.0,0.008451700210571289
5b90be72-a9c4-4a0e-99fd-c02c6575fc29,0,0,,1024.0,0.4228762984275818,0.003921568859368563,0.9901961088180542,0.9862745399586856,0.008777618408203125,0.0033550152107921856,1.0,0.0,-16.0,0.0051781535148620605
5ba0c7dc-14c1-4afc-8902-7f6ae0189496,0,1,clipped,1024.0,1.1115291118621826,0.0,0.9823529720306396,0.9823529720306396,0.08411502838134766,0.00469966807974763,1.0,0.03125,4.0,0.034277260303497314
5bace529-66de-4eb0-bede-4da1c4aed9cd,0,0,,1024.0,0.25614669919013977,0.003921568859368563,0.9901961088180542,0.9862745399586856,0.006417274475097656,0.0031910759916233605,1.0,0.0,-4.0,0.0838884711265564
5bc6b92f-0a89-453d-8e0c-32566bbea8e3,0,0,,1024.0,0.31290578842163086,0.009803921915590763,0.9931372404098511,0.9833333184942603,0.006207466125488281,0.0022040770840752186,1.0,0.0,5.0,0.07560110092163086
5cc3f4b6-2185-4016-98c8-704f65c568bf,0,0,,1024.0,0.23145535588264465,0.019607843831181526,0.9911764860153198,0.9715686421841383,0.005299568176269531,0.003537603334813691,1.0,0.0,1.0,0.01003175973892212
5cf7f474-7d2f-4e7e-acb4-c4d152fdb478,0,0,,1024.0,0.3250548243522644,0.005882353521883488,0.9960784316062927,0.9901960780844092,0.011237144470214844,0.005691534517488229,1.0,0.0,1.0,0.015066802501678467
5d44d6fa-b592-4cb8-acb6-bb19ea73e10e,0,0,,1024.0,0.36401113867759705,0.002941176760941744,0.9941176176071167,0.991176440846175,0.008208274841308594,0.0027718553534343483,1.0,0.005859375,-2.0,0.012301623821258545
5fa8b1d1-27eb-4a5a-9c83-b144e9962424,0,1,rotated,1024.0,0.5663948059082031,0.007843137718737125,0.9921568632125854,0.9843137254938483,0.0069904327392578125,0.0021562521346743468,1.0,0.0,-30.0,0.16724926233291626
5fcedc49-0859-40de-9666-1064593ca760,0,0,,1024.0,0.33244770765304565,0.0,0.9892157316207886,0.9892157316207886,0.014782905578613281,0.002751169925483002,1.0,0.013671875,1.0,0.0056615471839904785
5ff115ab-1fa6-4cef-a372-e489e4a1b87e,0,1,clipped,1024.0,0.12829314172267914,0.0,0.977450966835022,0.977450966835022,0.1865377426147461,0.004280979525625856,1.0,0.0,1.0,0.012692093849182129
601ee9ee-e04c-4940-8343-33ebf56e69b0,0,0,,1024.0,0.646449089050293,0.003921568859368563,0.9911764860153198,0.9872549171559513,0.010232925415039062,0.0027569677485088746,1.0,0.0,-1.0,0.006425082683563232
616211aa-c849-4d2f-bc4f-382f375feb27,0,0,,1024.0,0.16451182961463928,0.0,0.9936960554122993,0.9936960554122993,0.01898193359375,0.004835412060628468,1.0,0.0,2.0,0.015614688396453857
6166a1c5-b6d2-48f5-b620-eb91ad325b15,0,0,,1024.0,0.2609628140926361,0.021568628028035164,0.9941176176071167,0.9725489895790815,0.006339073181152344,0.004075204621825476,1.0,0.0,1.0,0.003201305866241455
61d95498-2d86-4852-a95c-90d66147ce7d,1,1,blurred;clipped,1024.0,0.03510739654302597,0.0,0.9882352948188782,0.9882352948188782,0.11888408660888672,0.0026865197743619305,1.0,0.0,-1.0,0.002877354621887207
62085d82-9754-475d-942c-5ed62ba711f9,0,0,,1024.0,0.29600003361701965,0.007843137718737125,0.9960784316062927,0.9882352938875556,0.006798744201660156,0.0032101816278559884,1.0,0.0,1.0,0.021359741687774658
64965325-3bb3-41f9-9377-b19ec6110048,1,0,rotated,1024.0,1.0216717720031738,0.003921568859368563,0.9833333492279053,0.9794117803685367,0.009091377258300781,0.0062634292800045335,1.0,0.0,12.0,0.1108471155166626
652cf0c2-fed4-407c-8bd7-94d7e8787b35,0,0,,1024.0,1.0913435220718384,0.003921568859368563,0.9941176176071167,0.9901960487477481,0.008533477783203125,0.004149569562056264,1.0,0.0,2.0,0.007605910301208496
6532bb94-e270-48be-bbb8-6e527de0300e,0,0,,1024.0,0.10725382715463638,0.0,0.9882352948188782,0.9882352948188782,0.016310691833496094,0.004665182425052673,1.0,0.0,1.0,0.007410168647766113
6535af98-4b8c-46bd-8ed2-3afb6c811466,1,0,clipped,1024.0,0.38759544491767883,0.0,0.9872548580169678,0.9872548580169678,0.02381420135498047,0.003073219249276536,1.0,0.0,3.0,0.02096700668334961
658da350-aa7a-4a04-b084-43a89e53259d,1,0,clipped,1024.0,0.1552223414182663,0.0,0.9574215626716682,0.9574215626716682,0.0223236083984375,0.005029432398974428,1.0,0.0,-1.0,0.023383140563964844
66a922c2-85e1-4f64-9e1c-e53b0a851bbf,0,0,,1024.0,0.1886599063873291,0.01568627543747425,0.9843137264251709,0.9686274509876966,0.007122039794921875,0.004875712374744017,1.0,0.0,1.0,0.009272575378417969
67bc7433-4582-493a-af6b-82d0383d9c32,1,0,clipped,1024.0,0.49547621607780457,0.0,0.9686274528503418,0.9686274528503418,0.06202125549316406,0.0035914271762449972,1.0,0.025390625,5.0,0.16822147369384766
67c15bfe-00c9-4911-bf32-6d99df399dcc,0,0,,1024.0,3.6777291297912598,0.021568628028035164,0.9823529720306396,0.9607843440026045,0.00612640380859375,0.005065697148127766,1.0,0.0,1.0,0.009989798069000244
6935a34e-a97b-4c65-a635-800ed5745c15,1,0,clipped,1024.0,0.20196178555488586,0.0,0.9921568632125854,0.9921568632125854,0.0256195068359375,0.0021562813135245695,1.0,0.0,-7.0,0.03439909219741821
6a2cac4c-5519-4411-a401-56db23231008,1,0,clipped,1024.0,0.10921958833932877,0.0,0.9950980544090271,0.9950980544090271,0.057442665100097656,0.00483909348573085,1.0,0.0,-2.0,0.019010543823242188
6adaad70-4f68-478b-b489-6824830a7688,0,0,,1024.0,0.19217872619628906,0.0,0.9862744808197021,0.9862744808197021,0.011281967163085938,0.0047932371087800515,1.0,0.0,0.0,0.0
6b203978-2068-4a99-96e5-6417859f2b08,1,0,clipped,1024.0,0.747838020324707,0.0,0.9470587968826294,0.9470587968826294,0.02721881866455078,0.005031361735062411,1.0,0.0,2.0,0.026676177978515625
6b7e32d8-0a3c-4050-a6eb-7db2e451c4fb,0,0,,1024.0,0.4645674228668213,0.019607843831181526,0.9862744808197021,0.9666666369885206,0.0071659088134765625,0.006170397448627168,1.0,0.0,4.0,0.07040870189666748
6bd6a23c-aa93-4805-905d-8761f6a19060,1,0,clipped,1024.0,0.3121466636657715,0.0,0.9941176176071167,0.9941176176071167,0.034107208251953125,0.003749366524338778,1.0,0.0,-4.0,0.043916940689086914
6be9c747-a96b-4c54-a8a8-62483c92dd97,0,0,,1024.0,0.1837182193994522,0.003921568859368563,0.990196083188057,0.9862745143286884,0.008797645568847656,0.004682187954575123,1.0,0.0,1.0,0.0004897713661193848
6dc2f97e-28bb-4a0e-b821-75c846aac15a,0,1,clipped,1024.0,0.9099552631378174,0.0,0.9813725352287292,0.9813725352287292,0.30757999420166016,0.0064420793169276385,1.0,0.1875,1.0,0.007688045501708984
6e298e09-6e9d-44cc-a696-7ea7a15f626c,1,0,clipped,1024.0,0.11653263121843338,0.0,0.9931372404098511,0.9931372404098511,0.02641773223876953,0.0047825959884990246,1.0,0.0,-2.0,0.013905584812164307
6e58e404-9da9-44b7-bc0a-0d08a2ec448f,0,0,,1024.0,0.6802505254745483,0.03529411926865578,0.981372594833374,0.9460784755647182,0.005742073059082031,0.0034076364091752158,1.0,0.0,-4.0,0.02452874183654785
6eaa213b-37a9-4d44-a4ae-c802ecb64cad,0,0,,1024.0,0.30859917402267456,0.0,0.9921568632125854,0.9921568632125854,0.015294075012207031,0.004989470717009936,1.0,0.0,-1.0,0.004614055156707764
6ef86ecb-cc66-4b49-92bd-503b08de6e86,0,0,,1024.0,0.5732397437095642,0.09019608050584793,0.9960784316062927,0.9058823511004448,0.007863044738769531,0.0034585730172949003,1.0,0.0,-2.0,0.02038896083831787
6f09685e-be6c-452b-8523-d0c2df6b03de,0,0,,1024.0,0.28287869691848755,0.003921568859368563,0.9921568632125854,0.9882352943532169,0.0070133209228515625,0.003259457963928272,1.0,0.0,4.0,0.05225461721420288
6f9f42cc-9f66-407f-ad89-69ee94a47558,0,0,,1024.0,0.40249913930892944,0.007843137718737125,0.9892157316207886,0.9813725939020514,0.006687164306640625,0.0029852093588363243,1.0,0.0,2.0,0.02415776252746582
70c08cfa-8262-49e0-b965-f74b7f52daf1,1,0,clipped,1024.0,0.08965663611888885,0.0,0.970588207244873,0.970588207244873,0.042743682861328125,0.004162379718730971,1.0,0.0,0.0,0.0
71846fc9-ef2c-41ee-bb57-b513217438e1,0,0,,1024.0,1.4200663566589355,0.010784314945340157,0.9872549176216125,0.9764706026762724,0.0072193145751953125,0.005019310409145545,1.0,0.005859375,-4.0,0.03172123432159424
71946324-e864-4d77-9c4a-ab2ce25ecb94,0,0,,1024.0,1.056080937385559,0.15490196645259857,0.9862744808197021,0.8313725143671036,0.005848884582519531,0.004051574714370004,1.0,0.00390625,-6.0,0.05253833532333374
7257e3de-ff3d-4b37-9450-937abfae06dd,1,0,clipped,1024.0,0.23975017666816711,0.0,0.9578431844711304,0.9578431844711304,0.02263927459716797,0.005433323358889526,1.0,0.0,1.0,0.01683586835861206
72680dbd-6106-4852-b544-2e2ad16b5dcc,1,0,clipped,1024.0,0.10805687308311462,0.0,0.9901961088180542,0.9901961088180542,0.07943153381347656,0.004951726127464884,1.0,0.0,1.0,0.0023664236068725586
7286efff-9cbf-49fa-8d22-12608fca60ee,0,0,,1024.0,0.423350989818573,0.011764707043766975,0.9960784316062927,0.9843137245625257,0.01296234130859375,0.005707252562445171,1.0,0.0,-2.0,0.032875895500183105
73114e87-0b3b-48bd-9c9d-94c92c488997,0,0,,1024.0,1.017851710319519,0.0019607844296842813,0.9862744808197021,0.9843136963900179,0.010851860046386719,0.003144398473375364,1.0,0.0,2.0,0.012620806694030762
742640b8-5c3a-4c8c-8296-18f5613758ff,1,0,clipped,1024.0,0.3928501605987549,0.0,0.9941176176071167,0.9941176176071167,0.03569984436035156,0.003655067034088115,1.0,0.021484375,2.0,0.02921617031097412
74344068-50a8-4c34-af4e-f2e533cacd8c,1,0,clipped,1024.0,0.15261900424957275,0.0,0.9931372404098511,0.9931372404098511,0.034763336181640625,0.005053150851281802,1.0,0.0,-3.0,0.016011357307434082
76d6667f-22b4-4bff-bbcd-97130fba3077,0,0,,1024.0,0.1213497444987297,0.0,0.9941176176071167,0.9941176176071167,0.01684093475341797,0.004752806176882265,1.0,0.0,3.0,0.021133720874786377
7736baed-6e66-4b47-9058-05bd1b314dfa,0,0,,1024.0,1.4815078973770142,0.007843137718737125,0.9941176176071167,0.9862744798883796,0.0062103271484375,0.003036892738009194,1.0,0.001953125,2.0,0.019089818000793457
775c8468-399e-49a9-9fe4-07e75071abe7,1,0,clipped,1024.0,0.6591161489486694,0.0,0.9862744808197021,0.9862744808197021,0.022953033447265625,0.0036156602084615156,1.0,0.0,8.0,0.0745651125907898
77dc3ec3-a29e-4733-99fc-80b51a76e833,1,0,clipped,1024.0,1.7075579166412354,0.0,0.9921568632125854,0.9921568632125854,0.05065631866455078,0.004081615528516945,1.0,0.046875,10.0,0.023238837718963623
780579a3-2dcc-4343-9c92-de8be54e2865,1,0,clipped,1024.0,2.134561538696289,0.0,0.954901933670044,0.954901933670044,0.06716728210449219,0.0056498412061997535,1.0,0.05078125,-1.0,0.015490412712097168
786b24ef-aeb1-42a6-a606-bae80423f811,0,0,,1024.0,2.1844217777252197,0.007843137718737125,0.9901961088180542,0.9823529710993171,0.006134033203125,0.004928104705968799,1.0,0.0,-3.0,0.017943263053894043
78bc172c-580b-4e1b-8b0c-fb185f0a631b,0,0,,1024.0,1.2125866413116455,0.0019607844296842813,0.9901960492134094,0.9882352647837251,0.012984275817871094,0.003921887487254661,1.0,0.0,-2.0,0.0059961676597595215
78c33a1a-8f22-476c-ae97-8190192102df,1,0,clipped,1024.0,0.45929476618766785,0.0,0.9823529720306396,0.9823529720306396,0.02120208740234375,0.0035627413990104865,1.0,0.0,-1.0,0.0043045878410339355
78e409e6-a4df-4002-9068-3b3eef7b30b1,0,0,,1024.0,1.136027455329895,0.003921568859368563,0.9833333492279053,0.9794117803685367,0.008104324340820312,0.005066912982948622,1.0,0.0,4.0,0.03741312026977539
7a3c6629-9290-4e24-84b2-fd2f8cba17e3,0,1,clipped,1024.0,0.1833592802286148,0.0,0.9686274528503418,0.9686274528503418,0.20297718048095703,0.004283507589216169,1.0,0.0,1.0,0.004404723644256592
7ae6b106-4569-486b-886f-e7d5baf48f87,0,0,,1024.0,0.4511823058128357,0.003921568859368563,0.9823529720306396,0.9784314031712711,0.006064414978027344,0.003781733057691413,1.0,0.0,-6.0,0.05370473861694336
7aef347d-05aa-4c06-8e24-956aa91ace5e,0,0,,1024.0,0.19536739587783813,0.0019607844296842813,0.9892157316207886,0.9872549471911043,0.009978294372558594,0.005015314482050765,1.0,0.0,4.0,0.057826340198516846
7b99d96b-400d-412e-ae79-bd7522597280,0,0,,1024.0,0.40341150760650635,0.0,0.9931372404098511,0.9931372404098511,0.01646900177001953,0.0036888935896764665,1.0,0.015625,1.0,0.004367053508758545
7bcccda8-97a9-4cd7-bec4-d10f186b5698,1,0,clipped,1024.0,0.20070937275886536,0.0,0.9666666984558105,0.9666666984558105,0.03614616394042969,0.005162634255795466,1.0,0.0,3.0,0.06173551082611084
7bd663e2-0ced-434c-9db9-d333071ef06c,0,1,clipped,1024.0,0.1426323652267456,0.0,0.9872549176216125,0.9872549176216125,0.09969329833984375,0.004835051834654063,1.0,0.0,-1.0,0.0031962990760803223
7be94ac4-d568-453b-87eb-9826b226c4b1,0,1,clipped,1024.0,0.5863827466964722,0.0,0.9843137264251709,0.9843137264251709,0.14407634735107422,0.0035156599323498744,1.0,0.0546875,-8.0,0.12016671895980835
7bfc500f-2f54-42ab-ae52-50be710e1c08,0,0,,1024.0,1.6395541429519653,0.007843137718737125,0.9911764860153198,0.9833333482965827,0.0064105987548828125,0.004558375929483631,1.0,0.0,-2.0,0.024301469326019287
7c5fc667-700a-4907-80b0-5ee8da67b9f1,0,0,,1024.0,0.17987938225269318,0.029411766678094864,0.9931372404098511,0.9637254737317562,0.005988121032714844,0.004659615455653344,1.0,0.0,1.0,0.005980312824249268
7cedbe1b-b8b6-42b4-a0b2-ae189fee42af,0,0,,1024.0,0.11651413887739182,0.0,0.979411780834198,0.979411780834198,0.014843940734863281,0.004182215121617452,1.0,0.0,3.0,0.05519968271255493
7d425279-64b5-441c-a26c-e1d6486d27c8,1,0,clipped,1024.0,0.1344110518693924,0.0,0.9862744808197021,0.9862744808197021,0.029509544372558594,0.005383006425066222,1.0,0.0,1.0,0.008532822132110596
7dd2a36e-d9f5-4152-ba5a-17ef5777a7ef,0,0,,1024.0,1.8887219429016113,0.014705883339047432,0.9823529720306396,0.9676470886915922,0.006770133972167969,0.005263223331289867,1.0,0.0,-8.0,0.14933276176452637
7e90dcbb-3761-4488-899e-fa88e1bd00a5,0,0,,1024.0,1.4423540830612183,0.0117647061124444,0.9921568632125854,0.980392157100141,0.0057811737060546875,0.002525326551085999,1.0,0.0,-4.0,0.03393930196762085
7f7c668b-c970-4a58-b9ee-80e70fb23e3d,0,0,,1024.0,0.11652237176895142,0.0,0.9950980544090271,0.9950980544090271,0.01632404327392578,0.004576786042954074,1.0,0.0,-1.0,0.007291615009307861
7fb3786c-5045-4a90-981d-c55b53d4d5d3,0,0,,1024.0,0.5006214380264282,0.06568627804517746,0.9921568632125854,0.926470585167408,0.0078125,0.003099860548351425,1.0,0.0078125,-1.0,0.0013784170150756836
7ff721f6-5055-4d4b-bd48-e6d49e4d3e7d,1,1,clipped;rotated,1024.0,0.684730589389801,0.0,0.9960784316062927,0.9960784316062927,0.023232460021972656,0.0020856053232481977,1.0,0.0,-30.0,0.253446102142334
801f0aee-5575-45d1-a610-839008d14bd4,0,0,,1024.0,0.11170057952404022,0.002941176760941744,0.9931372404098511,0.9901960636489093,0.009881973266601562,0.004468006063792682,1.0,0.0,1.0,0.00017398595809936523
8030afb0-b23e-4d19-b127-63f37e781ccb,0,0,,1024.0,0.09034254401922226,0.0,0.9931372404098511,0.9931372404098511,0.016915321350097656,0.004190632306363341,1.0,0.0,1.0,0.0024417638778686523
81936d3e-4dda-44c0-9de4-66af23839677,0,0,,1024.0,0.28857943415641785,0.007843137718737125,0.9941176176071167,0.9862744798883796,0.0062351226806640625,0.002216617893152852,1.0,0.0,-5.0,0.09044045209884644
81a1c5e3-1757-4e26-9b57-4e47e2383456,1,0,clipped,1024.0,0.13530410826206207,0.0,0.9901961088180542,0.9901961088180542,0.021928787231445312,0.004728651204534555,1.0,0.0,-1.0,0.006178319454193115
81cb5132-b2f3-4ef0-8f00-0947b511e518,0,0,,1024.0,1.6745226383209229,0.019607843831181526,0.9833333492279053,0.9637255053967237,0.007308006286621094,0.005061474199303683,1.0,0.0,2.0,0.04404491186141968
820a493d-b8cb-4724-9609-4db39b42f368,1,0,clipped,1024.0,0.3277360498905182,0.0,0.9901961088180542,0.9901961088180542,0.05849647521972656,0.0025778889157677893,1.0,0.0,-3.0,0.018584251403808594
82c630ab-a9f1-4655-88ca-9d48d3a80bfd,0,0,,1024.0,0.14893853664398193,0.029411766678094864,0.9931372404098511,0.9637254737317562,0.0065364837646484375,0.004956771902152183,1.0,0.0,3.0,0.044773101806640625
83424b71-1be1-4c9b-9f3c-9e26e4d3803f,0,0,,1024.0,0.24839915335178375,0.0,0.9901961088180542,0.9901961088180542,0.012131690979003906,0.003076597551889992,1.0,0.0,-1.0,0.00516897439956665
838d5522-d44f-49a5-a4e2-7e84a75c2f75,0,0,,1024.0,1.9148536920547485,0.1666666716337204,1.0,0.8333333283662796,0.012072563171386719,0.003375225421419389,1.0,0.001953125,-1.0,0.0066297054290771484
83a84764-2cba-41dd-8f86-a19892b7b4a1,1,0,clipped,1024.0,1.149488091468811,0.0,0.9921568632125854,0.9921568632125854,0.059218406677246094,0.0047425386367414895,1.0,0.046875,-8.0,0.10066980123519897
86a6c564-e88d-4a30-9dc7-cddbab5773b5,0,0,,1024.0,0.692131519317627,0.013725491240620613,0.9852941036224365,0.9715686123818159,0.005405426025390625,0.0028140068576956064,1.0,0.0,5.0,0.04143008589744568
8720b8ed-935f-4071-9bb0-a48ba23319a2,1,0,clipped,1024.0,0.32446980476379395,0.0,0.9823529720306396,0.9823529720306396,0.022920608520507812,0.0033605469943142527,1.0,0.0,1.0,0.006210744380950928
875be0df-50f9-4b73-9e62-fde4677c515a,0,0,,1024.0,0.22800584137439728,0.0,0.9941176176071167,0.9941176176071167,0.01562786102294922,0.005539275072951894,1.0,0.0,-1.0,0.005095243453979492
88358016-0675-4303-ade0-bde075c709d4,0,1,clipped,1024.0,0.14398066699504852,0.0,0.9794117212295532,0.9794117212295532,0.10515785217285156,0.005249585361527914,1.0,0.0,-1.0,0.0048874616622924805
885bfab8-e8eb-4282-b9ef-f845355b1032,1,0,clipped,1024.0,0.17928282916545868,0.0,0.9794117212295532,0.9794117212295532,0.03856945037841797,0.006486930147813653,1.0,0.0,1.0,0.00405353307723999
88ccd3cb-bff4-44b8-8b44-81f95e1f925d,0,0,,1024.0,0.6429184079170227,0.009803921915590763,0.9862744808197021,0.9764705589041114,0.0066738128662109375,0.0039056788217703003,1.0,0.0,-3.0,0.04544711112976074
8a504f1d-b42c-4328-8571-f4e0a8e0fb5a,0,0,,1024.0,0.30323073267936707,0.0,0.9882352948188782,0.9882352948188782,0.015021324157714844,0.0031284356598107366,1.0,0.0,9.0,0.12079125642776489
8a88074c-67c4-4ab3-a573-54e1ed1f9c3e,0,0,,1024.0,2.4552433490753174,0.013725490309298038,0.976049027442939,0.9623235371336409,0.008229255676269531,0.005720215993589788,1.0,0.0,-1.0,0.01637166738510132
8b12b694-e947-45da-8feb-3bc3de58b0bb,0,0,,1024.0,0.08684054017066956,0.007843137718737125,0.9960784316062927,0.9882352938875556,0.00815582275390625,0.003147941446003859,1.0,0.0,-2.0,0.02432173490524292
8b136428-7100-41cf-996b-a46427db1b18,0,0,,1024.0,0.14292767643928528,0.0,0.9764705896377563,0.9764705896377563,0.01693439483642578,0.004914122495630271,1.0,0.0,-1.0,0.006464481353759766
8b6be652-97a4-4149-bd5a-92464ba031ef,0,0,,1024.0,0.8338267803192139,0.0117647061124444,0.9843137264251709,0.9725490203127265,0.008214950561523438,0.0034194171046491094,1.0,0.0,-6.0,0.047808706760406494
8ba3b713-50ab-46f8-8a70-ee11247390ee,0,0,,1024.0,0.1490056961774826,0.0019607844296842813,0.9901960492134094,0.9882352647837251,0.010239601135253906,0.0053745317019179275,1.0,0.0,-1.0,0.0014771819114685059
8bc63e87-a51f-445e-a7a3-91014a85b985,1,0,clipped,1024.0,0.13846330344676971,0.0,0.9656863212585449,0.9656863212585449,0.04407691955566406,0.005303277469680111,1.0,0.0,-1.0,0.0005787014961242676
8c3879d3-64dd-4522-a360-5f332b03b57b,0,0,,1024.0,0.10649821162223816,0.0,0.9931372404098511,0.9931372404098511,0.01674938201904297,0.004160398852517859,1.0,0.0,3.0,0.04066610336303711
8c747929-2ec3-419d-9eee-8ac25352c577,0,0,,1024.0,0.3389621675014496,0.038235295563936234,0.9960784316062927,0.9578431360423565,0.00832366943359375,0.003069678169481391,1.0,0.005859375,-4.0,0.057977139949798584
8d14d37c-f6de-4138-b8b9-20613c8befc2,0,0,,1024.0,0.3390974700450897,0.0313725508749485,0.9960784316062927,0.9647058807313442,0.007828712463378906,0.0030276066621628545,1.0,0.005859375,3.0,0.027651727199554443
8d330f6a-f0ba-4194-a4e0-01f53bb4aa75,0,0,,1024.0,0.13723275065422058,0.0019607844296842813,0.9852941036224365,0.9833333191927522,0.010043144226074219,0.004496711310629344,1.0,0.0,-1.0,0.0023789405822753906
8d48694a-f998-4043-bc98-63a3c18527f2,1,0,rotated,1024.0,0.3510579764842987,0.005882353521883488,0.9901961088180542,0.9843137552961707,0.006794929504394531,0.002591711040348174,1.0,0.0,12.0,0.04653722047805786
8dd0e96e-89d8-4461-93d2-73c3e2373694,0,1,clipped,1024.0,0.12116862088441849,0.0,0.9852941036224365,0.9852941036224365,0.13112831115722656,0.004734558014807045,1.0,0.0,2.0,0.016518712043762207
8de60164-25c9-4fae-b7a7-8eeae8d34df0,0,0,,1024.0,0.31001222133636475,0.003921568859368563,0.9931372404098511,0.9892156715504825,0.00920867919921875,0.0023785187087540637,1.0,0.0,-4.0,0.03276681900024414
8ebaaf15-3a09-4cde-871b-337654d5908a,0,0,,1024.0,0.15451142191886902,0.003921568859368563,0.9901961088180542,0.9862745399586856,0.009459495544433594,0.004778431190786967,1.0,0.0,1.0,0.003589451313018799
8f42b765-bbd8-444c-9915-f4e967a3f90b,0,0,,1024.0,0.10323381423950195,0.01568627543747425,0.9960784316062927,0.9803921561688185,0.007457733154296875,0.004096732191145032,1.0,0.0,-8.0,0.133350670337677
8f88e942-6de5-4c75-96eb-edff7ded7a8d,0,0,,1024.0,0.3426598310470581,0.003921568859368563,0.9901961088180542,0.9862745399586856,0.008988380432128906,0.003737068309435219,1.0,0.0,-1.0,0.0018612146377563477
8fae133a-b424-48b1-96a8-a2add7b8b8a2,1,0,clipped,1024.0,0.701641857624054,0.0,0.9950979948043823,0.9950979948043823,0.07017898559570312,0.003113941018373798,1.0,0.0546875,1.0,0.0073146820068359375
905a246c-e06d-4060-88f6-98e3b063786e,0,0,,1024.0,1.1811455488204956,0.007843137718737125,0.9921568632125854,0.9843137254938483,0.006564140319824219,0.005067257453518513,1.0,0.00390625,-3.0,0.04244798421859741
9079b9ea-814b-47ae-9258-65a9b5054556,1,0,rotated,1024.0,0.17870423197746277,0.019607843831181526,0.9607843160629272,0.9411764722317457,0.0050296783447265625,0.00358531802501956,1.0,0.0,11.0,0.20065665245056152
9130c6ff-ef18-413c-af5b-7c7f8de455fc,0,1,rotated,1024.0,2.012362480163574,0.12885294839739783,0.9872549176216125,0.8584019692242147,0.009249687194824219,0.004557022987998462,1.0,0.0078125,-30.0,0.1022566556930542
916a0cd0-d682-43e0-aeb2-8da59c626599,0,1,rotated,1024.0,0.581816554069519,0.0019607844296842813,0.9921568632125854,0.9901960787829012,0.010834693908691406,0.003424858276975185,1.0,0.0,-24.0,0.07748144865036011
91b0043a-35bd-4cf9-b338-1cbc9b05b76d,1,0,clipped,1024.0,0.1434970498085022,0.0,0.9558823108673096,0.9558823108673096,0.02113056182861328,0.004662759593246162,1.0,0.0,0.0,0.0
91b5b173-62a3-4245-a23a-53479af8da44,0,0,,1024.0,1.030292272567749,0.003921568859368563,0.9862744808197021,0.9823529119603336,0.009593009948730469,0.004759859809091181,1.0,0.0,2.0,0.01882350444793701
925b38e7-1c45-41a7-a2ca-f09d5a547341,1,0,clipped,1024.0,0.41821515560150146,0.0,0.9901961088180542,0.9901961088180542,0.042212486267089844,0.005334617315490531,1.0,0.0,2.0,0.01850259304046631
9328a30f-f542-474b-bc0e-268b50a6e631,0,0,,1024.0,0.6588181257247925,0.0,0.9882352948188782,0.9882352948188782,0.016495704650878906,0.003062080204956625,1.0,0.0,-1.0,0.004934191703796387
9374a88a-dc86-4735-baf3-1f1ef0a1e1fe,0,1,clipped,1024.0,0.1115722507238388,0.0,0.9872548580169678,0.9872548580169678,0.09496593475341797,0.004883016791984252,1.0,0.0,1.0,0.006127893924713135
93b78406-31f3-4cd2-a7be-843fe55b9ce7,0,0,,1024.0,1.9071388244628906,0.07647059112787247,0.9784313440322876,0.9019607529044151,0.005837440490722656,0.00508156326770085,1.0,0.00390625,5.0,0.13862353563308716
944d1326-6304-4b1c-b52b-a17df7fef124,0,0,,1024.0,0.4865240454673767,0.004901961423456669,0.9882352948188782,0.9833333333954215,0.007554054260253906,0.0033134721421099527,1.0,0.0,-1.0,0.006181120872497559
94808997-3c67-4d45-bf6e-423f3705d30d,0,0,,1024.0,0.35718172788619995,0.007843137718737125,0.9882352948188782,0.980392157100141,0.006159782409667969,0.0031350502554147864,1.0,0.0,-1.0,0.0031741857528686523
948e6874-7a4a-4817-b72c-843aebe92541,0,0,,1024.0,1.6913305521011353,0.029411766678094864,0.9882352948188782,0.9588235281407833,0.00693511962890625,0.006037835318128055,1.0,0.0,-1.0,0.0034566521644592285
957f244a-9680-40f3-8b04-367fcad6e6dc,0,1,rotated,1024.0,2.164077043533325,0.03235294297337532,0.9745098352432251,0.9421568922698498,0.005738258361816406,0.007457200882977683,1.0,0.0,-30.0,0.03345540165901184
961041ed-849e-4253-8d6a-97a8aa29b2d4,1,0,clipped,1024.0,0.3302842974662781,0.0,0.9882352948188782,0.9882352948188782,0.030478477478027344,0.0028196590359425813,1.0,0.0,-9.0,0.03749281167984009
963cfd58-0725-4e33-bc20-7374224e34b0,0,0,,1024.0,2.0538907051086426,0.038235295563936234,0.9901961088180542,0.951960813254118,0.005589485168457031,0.004477113583266731,1.0,0.0,4.0,0.02790313959121704
968e2791-c13d-4d4d-bc98-223bb4302f3f,1,0,clipped,1024.0,0.19896221160888672,0.0,0.9754902124404907,0.9754902124404907,0.03621101379394531,0.005328947329865673,1.0,0.0,-1.0,0.0021454691886901855
96f4322f-311d-4f94-8ae3-4876b88c1e96,1,0,clipped,1024.0,0.17826589941978455,0.0,0.9745098352432251,0.9745098352432251,0.07277870178222656,0.005350945367139606,1.0,0.0,1.0,0.01703721284866333
97188b5d-9c6d-4add-b9af-626bd1dad211,0,0,,1024.0,0.1396871656179428,0.028852943181991417,0.9960784316062927,0.9672254884243013,0.008252143859863281,0.003528842114113527,1.0,0.03125,-1.0,0.005921065807342529
971dde1a-f458-491c-8c1f-6a0221be4c29,1,0,clipped,1024.0,0.15028154850006104,0.0,0.9852941036224365,0.9852941036224365,0.03433513641357422,0.00522091570700654,1.0,0.0,-1.0,0.0027503371238708496
9764a951-9a9e-41dc-96c4-13e2f6bc11b7,1,0,clipped,1024.0,0.11855620890855789,0.0,0.9843137264251709,0.9843137264251709,0.05189800262451172,0.004472422268093175,1.0,0.0,-5.0,0.049504876136779785
976c9dc0-dc5e-40ba-b9e3-a638bdb2db21,0,1,clipped,1024.0,0.6083024740219116,0.0,0.9823529720306396,0.9823529720306396,0.09288215637207031,0.0030838377070852943,1.0,0.0703125,-3.0,0.0309486985206604
97a95d80-62cd-460f-8773-1fd9219d69b4,0,0,,1024.0,0.18064405024051666,0.019607843831181526,0.9911764860153198,0.9715686421841383,0.0057888031005859375,0.0037667791031409004,1.0,0.0,3.0,0.05397564172744751
981434e7-a87f-4cbb-8fc5-ac7f5ca0cd9f,0,0,,1024.0,1.605181336402893,0.007843137718737125,0.9813725352287292,0.9735293975099921,0.006061553955078125,0.004888825429346464,1.0,0.0,-2.0,0.021214067935943604
982741b7-aaff-4abc-b317-7fb999967a75,0,0,,1024.0,1.1852842569351196,0.003921568859368563,0.981372594833374,0.9774510259740055,0.007065773010253906,0.00342716187150735,1.0,0.001953125,1.0,0.0018377304077148438
98a275b9-9e3c-4adf-bce1-1920bdb47232,1,0,clipped,1024.0,0.19625204801559448,0.0,0.9931372404098511,0.9931372404098511,0.03521251678466797,0.004736980865226816,1.0,0.0,0.0,0.0
98bd1aa1-4e34-4457-9592-2a005175e55c,1,0,clipped,1024.0,0.1556963175535202,0.0,0.9696078300476074,0.9696078300476074,0.0549774169921875,0.00470241547838943,1.0,0.0,-1.0,0.010116100311279297
98e031f0-4c65-4a50-82e4-e5d6191c4499,0,0,,1024.0,0.3095899522304535,0.007843137718737125,0.9872549176216125,0.9794117799028754,0.005812644958496094,0.0063210933027000185,1.0,0.0,1.0,0.008936285972595215
994a6742-5b49-4207-b73b-eccec8f6601d,1,0,clipped,1024.0,0.47991445660591125,0.0,0.9882352948188782,0.9882352948188782,0.05338096618652344,0.0035576521721004803,1.0,0.03515625,1.0,0.007965803146362305
999e9144-e7f0-4898-903f-dd0d20296c73,0,0,,1024.0,0.8815821409225464,0.007843137718737125,0.9950979948043823,0.9872548570856452,0.0077610015869140625,0.0037973301174818934,1.0,0.001953125,-1.0,0.004656195640563965
99b81444-3f24-43d8-8dce-b4f238574d2d,0,0,,1024.0,0.33947163820266724,0.009803922846913338,0.9931372404098511,0.9833333175629377,0.006061553955078125,0.0024748066985725748,1.0,0.0,4.0,0.03753459453582764
99f675e6-942f-4fe5-a686-d8e4706b45a0,1,0,clipped,1024.0,0.3875983953475952,0.0,0.9852941036224365,0.9852941036224365,0.02103710174560547,0.0032673165850574185,1.0,0.0,4.0,0.05117201805114746
9a73787f-5ad5-4a01-9ad5-f916e8804170,0,0,,1024.0,0.63896244764328,0.0,0.9882352948188782,0.9882352948188782,0.017610549926757812,0.003807324768898403,1.0,0.0,1.0,0.016026854515075684
9b6f8882-b59f-4a4d-8f48-b3f355fd70b9,2,0,clipped;rotated,1024.0,0.12490814179182053,0.0,0.9892157316207886,0.9892157316207886,0.054229736328125,0.005438559453977016,1.0,0.0,17.0,0.051231205463409424
9bc28409-22f1-40b5-8203-9e4f8fb45c8e,0,0,,1024.0,0.5451695919036865,0.003921568859368563,0.9803921580314636,0.9764705891720951,0.005494117736816406,0.0023640487718319925,1.0,0.232421875,-4.0,0.07217466831207275
9e3ccdd8-492e-4ed5-84c2-46f337d3a8bd,0,0,,1024.0,0.4516071081161499,0.0470588244497776,0.9803921580314636,0.933333333581686,0.00563812255859375,0.002897356147477051,1.0,0.0,-4.0,0.022074878215789795
9e696e8d-324b-478f-9a1a-d943f866a749,0,0,,1024.0,0.4167795479297638,0.012745099142193794,0.9901961088180542,0.9774510096758604,0.006798744201660156,0.004242440820118579,1.0,0.0,-10.0,0.10887390375137329
9f02606a-73d0-46b6-8cca-9494f65450a4,0,0,,1024.0,0.251286119222641,0.0,0.9941176176071167,0.9941176176071167,0.011485099792480469,0.002800975438319866,1.0,0.01171875,1.0,0.00011491775512695312
9f8cfaf8-3bf9-4d4d-a0be-40091e83cba1,1,0,clipped,1024.0,0.1507771909236908,0.0,0.9872549176216125,0.9872549176216125,0.0272369384765625,0.0050644748663423046,1.0,0.0,2.0,0.017807722091674805
9fbd7b9f-ef1e-42ce-b594-1a3f017fb604,0,0,,1024.0,0.21116860210895538,0.01568627543747425,0.9882352948188782,0.9725490193814039,0.007110595703125,0.0032482918851468256,1.0,0.0,4.0,0.025304853916168213
a0923c73-57fa-4fcf-8284-5c77abafb036,0,0,,1024.0,0.5090022683143616,0.019607843831181526,0.9882352948188782,0.9686274509876966,0.0068511962890625,0.003541073798113127,1.0,0.00390625,-1.0,0.00705796480178833
a155c5e3-7c43-4971-9acc-aa16fb923cfa,0,1,rotated,1024.0,2.806638479232788,0.003921568859368563,0.9784313440322876,0.974509775172919,0.008541107177734375,0.005350219777055307,1.0,0.0,30.0,0.3246425688266754
a229390c-68af-40e5-a2d2-8d1abba22b69,0,0,,1024.0,1.3420673608779907,0.0235294122248888,0.994676432609565,0.9711470203846762,0.0079345703125,0.00335232040510318,1.0,0.0,-1.0,0.010836660861968994
a23ac27d-83b3-48b7-837a-dbbe83752ce3,1,0,clipped,1024.0,1.9711817502975464,0.0,0.9862744808197021,0.9862744808197021,0.02344989776611328,0.0044637734407100196,1.0,0.0,1.0,0.004469573497772217
a2961d70-7b12-4eac-bb33-8567bba2d3e9,0,0,,1024.0,0.12179725617170334,0.0058823530562222,0.9862744808197021,0.98039212776348,0.009629249572753906,0.0045719772661987675,1.0,0.0,1.0,0.000878453254699707
a2d2585f-bc83-47c1-91b9-610bbf191868,0,0,,1024.0,0.2873552739620209,0.16470588743686676,0.9921568632125854,0.8274509757757187,0.008609771728515625,0.007399921042430147,1.0,0.0,-1.0,0.004258334636688232
a3a2bb07-b700-4ce4-824c-03859b93e5b3,0,1,rotated,1024.0,2.2278597354888916,0.09019608050584793,0.9901960492134094,0.8999999687075615,0.00664520263671875,0.006714998197770561,1.0,0.0,-21.0,0.05747854709625244
a436cabe-ca9c-46f7-b15d-458c32af1b39,1,0,clipped,1024.0,0.5039339661598206,0.0,0.9941176176071167,0.9941176176071167,0.02431011199951172,0.0039907191155405235,1.0,0.0234375,1.0,0.0027593374252319336
a4a3fd3c-331e-43d8-8e21-1d9162d34424,0,0,,1024.0,0.23001882433891296,0.027450980618596077,0.9921568632125854,0.9647058825939894,0.006617546081542969,0.004731157935679111,1.0,0.0,1.0,0.029467880725860596
a4b8d93d-6387-4b7f-8e54-14cb130d3c9e,0,0,,1024.0,0.15160255134105682,0.0117647061124444,0.9735293984413147,0.9617646923288703,0.0052471160888671875,0.005716146885709112,1.0,0.0,1.0,0.0034440159797668457
a4e7b487-c516-4e48-a31e-8b21e0a18117,0,1,rotated,1024.0,0.19371618330478668,0.0313725508749485,0.9921568632125854,0.960784312337637,0.0071506500244140625,0.0023562914536542417,1.0,0.0,-30.0,0.4011506140232086
a4eee361-50cc-4d98-8f6d-83b8fde8a41b,2,0,clipped;rotated,1024.0,0.19074112176895142,0.0,0.9921568632125854,0.9921568632125854,0.03703880310058594,0.0048817689185195,1.0,0.0,-12.0,0.1959710717201233
a51d69b5-64a1-4fbb-a7f1-7f8a4e1fc953,0,0,,1024.0,0.9599587321281433,0.003921568859368563,0.9931372404098511,0.9892156715504825,0.0072879791259765625,0.004693111929652668,1.0,0.0,3.0,0.02535414695739746
a543d98d-a7ed-49d3-bf93-4196d07d77e9,0,0,,1024.0,0.5849430561065674,0.003921568859368563,1.0,0.9960784311406314,0.015943527221679688,0.002153430716583889,1.0,0.00390625,0.0,0.0
a6c0bbbc-f615-4033-b462-ea1ce71aa806,1,0,rotated,1024.0,0.28484293818473816,0.007843137718737125,0.9911764860153198,0.9833333482965827,0.005946159362792969,0.0032991659188967167,1.0,0.0,13.0,0.18494638800621033
a6d1218c-2486-4468-95fe-0587409fae29,1,0,clipped,1024.0,1.416459083557129,0.0,0.9745098352432251,0.9745098352432251,0.030529022216796875,0.004867505261031142,1.0,0.021484375,-2.0,0.02932906150817871
a6d7b6da-d474-4195-8270-08fdfd6e8a20,1,0,clipped,1024.0,0.12245669215917587,0.0,0.9921568632125854,0.9921568632125854,0.07616138458251953,0.005025568935210836,1.0,0.0,-1.0,0.0003865361213684082
a77b8b2a-4755-47d4-970b-8b4accc1cda1,0,1,clipped,1024.0,0.5090528130531311,0.0,0.9794117212295532,0.9794117212295532,0.15382099151611328,0.0043212059192312925,1.0,0.0625,1.0,0.00875866413116455
a86e4390-6bce-4658-a4b7-68bc57455f59,0,0,,1024.0,0.21159709990024567,0.0,0.9539215564727783,0.9539215564727783,0.01735687255859375,0.0055259102548200515,1.0,0.0,-2.0,0.04710996150970459
a94a5734-6a7b-4461-9d13-dcb187808da8,0,0,,1024.0,0.11721282452344894,0.0,0.9696078300476074,0.9696078300476074,0.011096954345703125,0.004353872515734296,1.0,0.0,0.0,0.0
a9f8422a-7da6-40cd-9d74-cd18e1b61086,0,0,,1024.0,0.4157766103744507,0.003921568859368563,0.9960784316062927,0.9921568627469242,0.008101463317871094,0.0021903256815618975,1.0,0.0,2.0,0.02675861120223999
aa4294f9-fe5f-4912-9e73-0cbf35bddfdf,0,1,rotated,1024.0,0.6550735235214233,0.0,0.9862744808197021,0.9862744808197021,0.019725799560546875,0.003994905913830782,1.0,0.009765625,28.0,0.04741400480270386
aa45260f-ff15-402b-97fb-c5e2eca493ff,0,1,clipped,1024.0,0.12001761794090271,0.0,0.9892157316207886,0.9892157316207886,0.0895233154296875,0.004831488554417686,1.0,0.0,2.0,0.012452840805053711
aa49ed8f-c583-41e7-9fed-d5f930e19366,1,0,clipped,1024.0,0.14756794273853302,0.0,0.9911764860153198,0.9911764860153198,0.055520057678222656,0.0055940466434729365,1.0,0.0,2.0,0.008217573165893555
aa85ecc1-f7ae-4a76-ad20-aa660f99c186,0,0,,1024.0,0.32659417390823364,0.003921568859368563,0.9921568632125854,0.9882352943532169,0.008933067321777344,0.0028623476047872237,1.0,0.0,-4.0,0.08380955457687378
aaa7c198-f317-4525-a6ba-af842e37ded7,1,0,clipped,1024.0,0.6219722628593445,0.0,0.977450966835022,0.977450966835022,0.0691385269165039,0.004176335541883841,1.0,0.05078125,1.0,0.006164133548736572
aadb6dc2-bcd7-42fe-a424-a5f7af6c9f74,0,1,clipped,1024.0,0.9160037040710449,0.0,0.9735294580459595,0.9735294580459595,0.3362560272216797,0.004987751959743527,1.0,0.1953125,-2.0,0.019054651260375977
ac10f43e-03b8-43d2-bcae-6fe000542397,0,0,,1024.0,0.7003580927848816,0.0,0.9892157316207886,0.9892157316207886,0.018548965454101562,0.0039829286936781194,1.0,0.015625,-3.0,0.010155260562896729
ac3298cd-90f6-49cc-a584-1c519749612b,0,1,clipped,1024.0,0.49373698234558105,0.0,0.979411780834198,0.979411780834198,0.1665191650390625,0.0038177606443577762,1.0,0.142578125,0.0,0.0
ac470a45-9da7-4880-b42f-399235ec80d6,0,1,clipped,1024.0,0.10809526592493057,0.0,0.9862745404243469,0.9862745404243469,0.10635185241699219,0.005194568488255457,1.0,0.0,4.0,0.0523112416267395
acc17db4-7fc3-4657-a8c1-0555bcbeba48,0,0,,1024.0,1.2180472612380981,0.003921568859368563,0.9843137264251709,0.9803921575658023,0.008515357971191406,0.005743235713896614,1.0,0.0,-2.0,0.018568098545074463
accb6393-d91e-4350-bd8d-bd7c0880edff,0,0,,1024.0,0.17200513184070587,0.0,0.9941176772117615,0.9941176772117615,0.01994037628173828,0.004663642642795151,1.0,0.0,-1.0,0.006251215934753418
acd35df7-0450-4696-8e83-df3dd8cb8ecc,0,1,clipped,1024.0,1.1283830404281616,0.0,0.96918626785279,0.96918626785279,0.1537179946899414,0.004359374564740825,1.0,0.0234375,0.0,0.0
aceadc8e-a025-4184-af7c-20325cb516a3,0,0,,1024.0,1.0986043214797974,0.026470590382814407,0.9784313440322876,0.9519607536494732,0.006275177001953125,0.003876230218145291,1.0,0.0,2.0,0.015340089797973633
acf2dc69-0b5e-4600-a2c4-887c5d37438b,0,0,,1024.0,1.0872093439102173,0.0,0.9950979948043823,0.9950979948043823,0.018747329711914062,0.004070545666411857,1.0,0.017578125,2.0,0.032470524311065674
acf6cb2d-61f2-4172-9f0b-e010c583cb9f,0,0,,1024.0,0.2897172272205353,0.007843137718737125,0.9803921580314636,0.9725490203127265,0.006670951843261719,0.003765250840745549,1.0,0.0,6.0,0.09090721607208252
ad1940c5-32ac-4b22-9e6e-de0d39d3f395,0,0,,1024.0,0.14895674586296082,0.003921568859368563,0.9725490212440491,0.9686274523846805,0.010134696960449219,0.004390235116649066,1.0,0.0,-1.0,0.013115882873535156
ad67e243-e5b3-40fc-aa45-4f7faf7a2932,1,0,clipped,1024.0,0.2809320390224457,0.0,0.9784313440322876,0.9784313440322876,0.030386924743652344,0.004699703633931597,1.0,0.0,-1.0,0.006062686443328857
ad89c871-f23f-40a2-a39e-53db93884b59,1,0,clipped,1024.0,1.1104824542999268,0.0,0.9862744808197021,0.9862744808197021,0.03831958770751953,0.004485544136147667,1.0,0.037109375,10.0,0.10315907001495361
aea5043e-fcd5-43b3-820d-944c2ba7b437,0,1,rotated,1024.0,0.41290906071662903,0.03235294297337532,0.9764705896377563,0.944117646664381,0.006476402282714844,0.00836380316387775,1.0,0.0,-30.0,0.03215324878692627
afd36690-c66b-435b-8f10-bbf7dd5a2216,0,0,,1024.0,1.726176142692566,0.0019607844296842813,0.9970588684082031,0.9950980839785188,0.011759757995605469,0.003526715617418827,1.0,0.009765625,6.0,0.06969743967056274
b011429a-7f44-413c-af22-93b110e9710b,0,0,,1024.0,0.12487508356571198,0.0,0.9852941036224365,0.9852941036224365,0.015431404113769531,0.004675026624028065,1.0,0.0,-1.0,0.008116006851196289
b01c73b4-b417-4f83-8996-6448caa89c0e,0,0,,1024.0,0.7724661231040955,0.0,0.9764705896377563,0.9764705896377563,0.01983165740966797,0.004043799591939159,1.0,0.0,-9.0,0.13055703043937683
b0502b9f-b85c-4cac-9e8f-325ed59315e0,0,0,,1024.0,0.7390091419219971,0.007843137718737125,0.9980392456054688,0.9901961078867316,0.01092529296875,0.0037192689821825284,1.0,0.0,2.0,0.01746535301208496
b08e8d54-295c-4ed1-809f-dce33b4a482a,1,0,rotated,1024.0,1.1625537872314453,0.003921568859368563,0.9862744808197021,0.9823529119603336,0.005919456481933594,0.0038509709116260255,1.0,0.0,-12.0,0.17001456022262573
b0988ec1-0e18-44a3-a9d0-2d6b7aee191a,1,0,clipped,1024.0,2.0901153087615967,0.0,0.9921568632125854,0.9921568632125854,0.024700164794921875,0.005791755622354781,1.0,0.021484375,-2.0,0.00780099630355835
b0b392fd-3cb8-4888-bf0f-3b7ee0a935e2,0,0,,1024.0,0.10285672545433044,0.0117647061124444,0.9833333492279053,0.9715686431154609,0.006142616271972656,0.0030570510750299908,1.0,0.0,3.0,0.07195347547531128
b0e93c09-2d99-4e63-bc19-68d938095223,0,0,,1024.0,0.4447549879550934,0.0,0.9411764740943909,0.9411764740943909,0.015165328979492188,0.00514286029962116,1.0,0.0,4.0,0.05677372217178345
b1661019-e835-47e9-b466-6f8faae84715,0,0,,1024.0,0.13026657700538635,0.009803921915590763,0.9921568632125854,0.9823529412969947,0.007191658020019531,0.0043448450220791275,1.0,0.0,2.0,0.019653677940368652
b180c8c3-adad-4d7c-aa3e-1e352f95bee8,0,1,clipped,1024.0,0.12330592423677444,0.0,0.9892157316207886,0.9892157316207886,0.08628559112548828,0.004924505960863371,1.0,0.0,4.0,0.0821959376335144
b19a9422-a790-4a43-b59f-65a3bf0f16be,0,0,,1024.0,0.6026538610458374,0.003921568859368563,0.9823529720306396,0.9784314031712711,0.008893966674804688,0.0035603091242083656,1.0,0.0,-3.0,0.06046402454376221
b1c0e005-6c1f-4231-b878-415b4cf1b578,0,0,,1024.0,0.48007646203041077,0.0,0.9941176176071167,0.9941176176071167,0.011082649230957031,0.00260690690514447,1.0,0.01171875,-1.0,0.0059653520584106445
b1d88801-a6c9-4ab1-9ded-a98a6973f56e,2,0,blurred;clipped,1024.0,0.059525251388549805,0.0,0.9892157316207886,0.9892157316207886,0.05457115173339844,0.004467919202434066,1.0,0.0,-1.0,0.00431215763092041
b1e65c1c-79cc-4b8b-920e-c972bc296790,1,1,clipped;rotated,1024.0,0.32316356897354126,0.0,0.9843137264251709,0.9843137264251709,0.03574848175048828,0.0028680630134210903,1.0,0.0,-28.0,0.2085004597902298
b23184fc-0e6e-4802-a451-da82e2ac6e9a,0,1,clipped,1024.0,1.2704657316207886,0.0,0.979411780834198,0.979411780834198,0.1421365737915039,0.006091744460799689,1.0,0.1171875,4.0,0.02366054058074951
b2735729-757a-4a51-8eba-9bb330b29a77,0,1,clipped,1024.0,1.0097358226776123,0.0,0.9921568632125854,0.9921568632125854,0.13197803497314453,0.004511136224715078,1.0,0.1015625,1.0,0.006259262561798096
b2fca33f-a7d4-4a8e-a6fe-2fcc48b7d1d9,0,0,,1024.0,0.6731966137886047,0.01568627543747425,0.9941176176071167,0.9784313421696424,0.00594329833984375,0.0032436696548350263,1.0,0.00390625,-2.0,0.016503572463989258
b35a3c89-f199-4924-98f0-8d5beea4b41d,0,0,,1024.0,0.6091636419296265,0.0,0.9829117870330879,0.9829117870330879,0.014417648315429688,0.003386444777734624,1.0,0.0,2.0,0.01756817102432251
b406c96d-da7b-4f8e-a9ac-88131cefa21d,0,0,,1024.0,0.4987899661064148,0.0313725508749485,0.9862744808197021,0.9549019299447536,0.005901336669921875,0.004771125640391929,1.0,0.0,-1.0,0.004610180854797363
b458af85-4d9b-4722-b2ff-464d65b3c811,0,0,,1024.0,0.10607878863811493,0.0,0.9931372404098511,0.9931372404098511,0.011445045471191406,0.004177157749148623,1.0,0.0,1.0,0.006443977355957031
b53bf210-ecc9-4f18-a42f-dfcb87fe1c24,0,0,,1024.0,0.18262428045272827,0.003921568859368563,0.9862744808197021,0.9823529119603336,0.013448715209960938,0.005358314519133504,1.0,0.0,1.0,0.007270693778991699
b5712cbd-9eda-4221-be93-522919a0ec70,1,0,rotated,1024.0,0.4693080186843872,0.007843137718737125,0.9235294204950333,0.9156862827762962,0.006278038024902344,0.006487992760867452,1.0,0.001953125,16.0,0.04191780090332031
b5714c0f-6d0f-4c56-833f-8b83f19e982a,0,0,,1024.0,0.22357933223247528,0.0019607844296842813,0.9901961088180542,0.9882353243883699,0.010705947875976562,0.002858604448694318,1.0,0.0,-9.0,0.0702054500579834
b5f01025-fe74-4d81-b38f-44f6e64e7741,1,0,clipped,1024.0,0.8421058654785156,0.0,0.9803921580314636,0.9803921580314636,0.0367584228515625,0.00417233165173614,1.0,0.02734375,-1.0,0.004346251487731934
b6b1bec8-7b77-470b-8c8b-0ed42482b347,1,0,clipped,1024.0,0.7959851026535034,0.0,0.9921568632125854,0.9921568632125854,0.02336406707763672,0.003057017090584093,1.0,0.01953125,1.0,0.01614147424697876
b72afa3e-644b-479a-845d-14fe8351cdb0,1,0,clipped,1024.0,0.48460549116134644,0.0,0.9901961088180542,0.9901961088180542,0.02311229705810547,0.0034679633708588216,1.0,0.021484375,3.0,0.009378373622894287
b75b2b8b-971d-4eb6-8b4e-f87a659024d3,1,0,clipped,1024.0,0.43443211913108826,0.0,0.9960784316062927,0.9960784316062927,0.03907585144042969,0.0030955916912828226,1.0,0.02734375,2.0,0.015827536582946777
b7fd3d35-e5a4-484c-9f2a-83a72cb88d2b,0,0,,1024.0,0.46404698491096497,0.0,0.9950979948043823,0.9950979948043823,0.012763023376464844,0.00332808100000778,1.0,0.0,1.0,0.003382742404937744
b89e287f-5a3a-4f27-baf9-38759fed98cb,0,0,,1024.0,1.4047271013259888,0.04313725605607033,0.9843137264251709,0.9411764703691006,0.006140708923339844,0.004812089146527454,1.0,0.00390625,1.0,0.008548557758331299
ba14bd2e-4365-4849-9367-139d383b0df3,1,0,clipped,1024.0,0.23850898444652557,0.0,0.9892157316207886,0.9892157316207886,0.02766704559326172,0.004876123812041749,1.0,0.0,2.0,0.035457491874694824
ba18ab80-91fc-4c9b-9ec9-e59c0229f49b,0,1,clipped,1024.0,0.9654071927070618,0.0,0.9921568632125854,0.9921568632125854,0.09183883666992188,0.0027383423064584332,1.0,0.080078125,-1.0,0.007513940334320068
badb80f8-a327-42b4-b302-221425dc8031,1,0,clipped,1024.0,0.1678946316242218,0.0,0.9858529186248848,0.9858529186248848,0.022522926330566406,0.004909636153642347,1.0,0.0,1.0,0.009099245071411133
bb54e10c-1397-4913-ab11-7a8484e6b959,0,0,,1024.0,0.24598883092403412,0.0,0.9921568632125854,0.9921568632125854,0.017913818359375,0.0036711302563713637,1.0,0.0,-2.0,0.008643388748168945
bb6697ee-46a6-47ee-8ed5-5ba295327702,0,0,,1024.0,0.5838260054588318,0.003921568859368563,0.9843137264251709,0.9803921575658023,0.007445335388183594,0.003264634057669423,1.0,0.0,-16.0,0.010135769844055176
bbe334e9-7287-4c6f-91f0-6dd616066731,1,0,clipped,1024.0,0.17615896463394165,0.0,0.9705882412195206,0.9705882412195206,0.029422760009765625,0.004386554365140963,1.0,0.0,-2.0,0.02738773822784424
bc54c1d6-8a51-4bae-adaf-d2b7ec7c4323,0,0,,1024.0,0.9261771440505981,0.003921568859368563,0.9882352948188782,0.9843137259595096,0.00693511962890625,0.004633564913856719,1.0,0.0,1.0,0.008602738380432129
bcbf06b4-ed44-48aa-a498-a7147c063d4d,0,0,,1024.0,2.187774896621704,0.01568627543747425,0.9970588684082031,0.9813725929707289,0.009767532348632812,0.004445676868972291,1.0,0.0,-3.0,0.020477294921875
bcf4a382-f2ef-45bd-a3f3-7d733e767e98,0,0,,1024.0,1.1279295682907104,0.007843137718737125,0.9843137264251709,0.9764705887064338,0.00665283203125,0.002905270652752958,1.0,0.0,1.0,0.008094072341918945
be5d92d6-f2b3-483c-842c-aff4571ee8a7,0,1,rotated,1024.0,0.573431670665741,0.0,0.9960784316062927,0.9960784316062927,0.019334793090820312,0.0023766850501820854,1.0,0.0,30.0,0.14114117622375488
be688a24-332b-4dbc-9f1d-06a709179694,0,0,,1024.0,1.730992317199707,0.003921568859368563,0.9862744808197021,0.9823529119603336,0.0068912506103515625,0.004424137847146505,1.0,0.0,-2.0,0.013059258460998535
becefa4b-f719-48c6-a903-85e391e026a4,1,0,clipped,1024.0,0.2162771224975586,0.0,0.9950979948043823,0.9950979948043823,0.05243206024169922,0.0025352341876396524,1.0,0.041015625,2.0,0.013000249862670898
c0018701-b726-4c75-b5fb-686be2d8b00d,0,0,,1024.0,0.48559287190437317,0.002941176760941744,0.9941176772117615,0.9911765004508197,0.009931564331054688,0.0034952081848053994,1.0,0.0,2.0,0.013041973114013672
c02f9163-bdc7-4d16-89dd-a51c0409e160,0,0,,1024.0,0.4635661542415619,0.003921568859368563,0.9931372404098511,0.9892156715504825,0.01009368896484375,0.0025425387619635582,1.0,0.009765625,-1.0,0.0015274286270141602
c0dd5f0a-c135-46b9-aca7-69aa49787f29,0,0,,1024.0,0.28845566511154175,0.0019607844296842813,0.981372594833374,0.9794118104036897,0.010204315185546875,0.0023820478782472588,1.0,0.0,-1.0,0.007608354091644287
c12ea8e0-0579-46d7-96b0-ac0ecbb307b6,1,0,clipped,1024.0,1.0980921983718872,0.0,0.9901961088180542,0.9901961088180542,0.06665992736816406,0.002717116692777419,1.0,0.064453125,1.0,0.00875788927078247
c2895cd9-b867-44a0-a0c4-6cb35161f63a,1,0,clipped,1024.0,0.21274292469024658,0.0,0.9666666388511658,0.9666666388511658,0.05035400390625,0.005667842917660863,1.0,0.0,1.0,0.002770662307739258
c28fc2ae-60ca-4638-ae32-29cc4af24e8b,0,0,,1024.0,0.5509013533592224,0.030392158776521683,0.9950979948043823,0.9647058360278606,0.006127357482910156,0.002824933463203163,1.0,0.005859375,-1.0,0.011223375797271729
c31cd61a-4c6c-4924-9ce6-99e5883b7265,1,0,clipped,1024.0,0.28769543766975403,0.0,0.9843137264251709,0.9843137264251709,0.038422584533691406,0.0030267358585836716,1.0,0.033203125,2.0,0.019686996936798096
c3719cb3-65a0-4223-9bbd-ed8c2cef41f1,0,0,,1024.0,0.22318020462989807,0.007843137718737125,0.9941176176071167,0.9862744798883796,0.0066204071044921875,0.002276720296157811,1.0,0.0,1.0,0.005022227764129639
c3bef210-65b4-4bb1-bfa1-15ae213bfa8e,0,0,,1024.0,0.22390879690647125,0.0019607844296842813,0.9941176176071167,0.9921568331774324,0.011491775512695312,0.0029847828017482,1.0,0.0,-3.0,0.016861796379089355
c4011994-4af9-4f34-938a-2b4d731ab2a4,0,0,,1024.0,0.22430431842803955,0.007843137718737125,0.9058823585510254,0.8980392208322883,0.008218765258789062,0.005348349952442686,1.0,0.0,-1.0,0.002539992332458496
c42f495d-74fd-4ed5-aed0-4402a65fd721,1,1,clipped;rotated,1024.0,1.3014473915100098,0.0,0.9852941036224365,0.9852941036224365,0.11357784271240234,0.0055677244643591505,1.0,0.09765625,-13.0,0.1940895915031433
c56b4527-615d-414f-a375-081e6f3bbfdc,0,0,,1024.0,0.2857215106487274,0.0,0.9882352948188782,0.9882352948188782,0.016164779663085938,0.00584869345140414,1.0,0.0,3.0,0.024600625038146973
c5930fd9-a326-4253-aaea-3245f49efaa2,1,0,clipped,1024.0,0.09049415588378906,0.0,0.9764705896377563,0.9764705896377563,0.046614646911621094,0.004685620120052933,1.0,0.0,1.0,0.014554142951965332
c59b3d0d-a679-424b-9c02-8197d8435a83,0,1,clipped,1024.0,0.17052526772022247,0.0,0.9764705896377563,0.9764705896377563,0.13381099700927734,0.004708861543120746,1.0,0.0,-1.0,0.009512186050415039
c76bb471-3efe-49d4-bba3-afc8aceeee3e,0,0,,1024.0,1.0419930219650269,0.0,0.9960784316062927,0.9960784316062927,0.012885093688964844,0.002762382154092179,1.0,0.015625,1.0,0.0032611489295959473
c858a139-4b34-40f9-ad65-59dd28a9e591,0,0,,1024.0,0.30153292417526245,0.0019607844296842813,0.9882352948188782,0.9862745103891939,0.010342597961425781,0.003367356650522072,1.0,0.0,0.0,0.0
c908770d-5bb8-479e-9112-ff9c47d07277,1,0,clipped,1024.0,0.6876137256622314,0.0,0.981372594833374,0.981372594833374,0.07441139221191406,0.0029560625442815133,1.0,0.044921875,8.0,0.23725497722625732
c990ae93-4c73-4451-8c16-1b5f293ab8c6,1,0,clipped,1024.0,0.2140198051929474,0.0,0.9823529720306396,0.9823529720306396,0.044981956481933594,0.005514215473439634,1.0,0.0,1.0,0.008798420429229736
caa8b9fe-ab6b-49d6-9897-d46833013c6b,0,0,,1024.0,0.21774226427078247,0.0019607844296842813,0.9735294580459595,0.9715686736162752,0.010354995727539062,0.005373325237645665,1.0,0.0,3.0,0.027150094509124756
cae03a83-a903-4087-b324-a67fe98638d4,0,0,,1024.0,0.7321501970291138,0.003921568859368563,0.9843137264251709,0.9803921575658023,0.009430885314941406,0.0038996507132485693,1.0,0.0,2.0,0.006624341011047363
cb3816db-93c9-4d0a-a163-eb40363c45fe,0,1,clipped,1024.0,0.6867193579673767,0.0,0.9480392336845398,0.9480392336845398,0.44280433654785156,0.0025281283194908523,1.0,0.279296875,1.0,0.009532690048217773
ccc8ceb3-ff0e-47ef-a114-4643c94cf93d,1,0,clipped,1024.0,0.19689257442951202,0.0,0.9745097756385803,0.9745097756385803,0.020389556884765625,0.005394757617676965,1.0,0.0,1.0,0.0036985278129577637
cd4077d1-5a23-4938-a7df-22c9e2f36299,0,0,,1024.0,0.10941967368125916,0.002941176760941744,0.9656862616539001,0.9627450848929584,0.010174751281738281,0.004602582251336682,1.0,0.0,-1.0,0.01932990550994873
cdce5e2f-8de7-4d85-a350-26e9826f57e4,0,0,,1024.0,1.0532313585281372,0.003921568859368563,0.9901961088180542,0.9862745399586856,0.008831024169921875,0.004495152140149202,1.0,0.0,2.0,0.01250302791595459
ce85247b-3efd-44c4-9b81-b290baae4fef,0,0,,1024.0,1.7965877056121826,0.003921568859368563,0.9931372404098511,0.9892156715504825,0.011018753051757812,0.0037364213768111736,1.0,0.0,1.0,0.0015146732330322266
cedb4eb3-65e1-40c9-9683-c3b582991877,0,0,,1024.0,0.2811834514141083,0.0,0.9166666269302368,0.9166666269302368,0.013630867004394531,0.005575237351450951,1.0,0.0,1.0,0.013801157474517822
cf2d9b73-aaec-4630-ab0e-4e09ad68ee3d,0,1,clipped,1024.0,0.0862678810954094,0.0,0.9745098352432251,0.9745098352432251,0.2375783920288086,0.0045640844325284076,1.0,0.0,1.0,0.008285820484161377
cf4acaef-abef-4341-a4f2-e1689d804d3e,0,0,,1024.0,0.4826434552669525,0.07254902273416519,0.9823529720306396,0.9098039492964745,0.006011009216308594,0.003700665500884526,1.0,0.0,-10.0,0.07467836141586304
cfaf42f8-cd2d-4f21-aaf5-7113238418b2,0,0,,1024.0,0.23115037381649017,0.005882353521883488,0.9401960372924805,0.934313683770597,0.007729530334472656,0.005749702604569696,1.0,0.0,-2.0,0.017144501209259033
d00ba7b7-0f47-4b7f-9803-d9835da7e4be,1,0,clipped,1024.0,0.10568276047706604,0.0,0.9921568632125854,0.9921568632125854,0.0718231201171875,0.004561900122183741,1.0,0.0,1.0,0.0027466416358947754
d084e093-1b8c-4478-811e-f1d337cbeb2c,0,1,rotated,1024.0,0.11654900014400482,0.0,0.9950979948043823,0.9950979948043823,0.015125274658203125,0.004666569475677607,1.0,0.0,30.0,0.38048146665096283
d1a0f88c-35bd-4d9d-8b5e-c2641761cb05,0,0,,1024.0,0.2650842070579529,0.009803921915590763,0.9656862956285477,0.9558823737129569,0.00571441650390625,0.003540465988717919,1.0,0.0,10.0,0.1535000205039978
d235b816-7117-4047-96f5-a841f622d46b,0,0,,1024.0,0.21336142718791962,0.003921568859368563,0.9882352948188782,0.9843137259595096,0.009570121765136719,0.005185278318866945,1.0,0.0,-1.0,0.0051375627517700195
d251b5bd-a852-44e1-99a2-37b7a2d0414a,0,0,,1024.0,0.6049388647079468,0.003921568859368563,0.9833333492279053,0.9794117803685367,0.005629539489746094,0.0028365284141021155,1.0,0.0,-3.0,0.015708208084106445
d256b193-9bcb-4313-b220-014a718420e1,1,0,clipped,1024.0,0.13359500467777252,0.0,0.9833333492279053,0.9833333492279053,0.026375770568847656,0.004714738693219403,1.0,0.0,3.0,0.02791750431060791
d4320f0a-7e48-4d66-8f0b-32b6873324f3,1,0,clipped,1024.0,1.6157013177871704,0.0,0.9696078300476074,0.9696078300476074,0.05908775329589844,0.00603856632961409,1.0,0.025390625,1.0,0.004497349262237549
d4eb4cc5-20be-4a1b-a2f9-5e3eeb05c38d,0,1,clipped,1024.0,0.32630854845046997,0.0,0.9803921580314636,0.9803921580314636,0.10292243957519531,0.004714441692928087,1.0,0.0,1.0,0.0035864710807800293
d5d8b914-f94c-4156-a403-9ce6b51da7db,0,0,,1024.0,0.4711114168167114,0.002941176760941744,0.9941176176071167,0.991176440846175,0.009637832641601562,0.0025693581219017824,1.0,0.0,2.0,0.00887531042098999
d671789d-d914-4880-95db-3fbc44f30440,0,0,,1024.0,0.4850615859031677,0.0,0.9892156720161438,0.9892156720161438,0.011845588684082031,0.006609151374786545,1.0,0.0,2.0,0.024341344833374023
d7b2ba1c-a257-4242-b3bc-928e1d695167,0,0,,1024.0,0.2802174687385559,0.005882353521883488,0.9862744808197021,0.9803921272978187,0.008170127868652344,0.006358736329112614,1.0,0.0,-1.0,0.0018856525421142578
d8191ae1-4e44-498f-8c77-094f99fc14bf,0,0,,1024.0,1.1545860767364502,0.005882353521883488,0.9892156720161438,0.9833333184942603,0.009336471557617188,0.0042153413493417145,1.0,0.0,1.0,0.0029121041297912598
d89f8d29-3832-4d89-8647-d16f9079c25a,0,0,,1024.0,1.1096771955490112,0.003921568859368563,0.9960784316062927,0.9921568627469242,0.00731658935546875,0.0042223639191614915,1.0,0.0,-3.0,0.01176762580871582
d8a9fb54-e7a2-4d4c-bb20-63664144a01c,0,0,,1024.0,1.0570319890975952,0.002941176760941744,0.9882352948188782,0.9852941180579364,0.011293411254882812,0.004335981002163329,1.0,0.0,4.0,0.019312739372253418
da4d442b-bd4a-4703-9180-f437a5129444,0,0,,1024.0,0.7327446341514587,0.007843137718737125,0.9823529720306396,0.9745098343119025,0.0065288543701171875,0.0034847474037987217,1.0,0.0,10.0,0.07933309674263
da8f0bab-c987-4b1d-aedb-f94e9eef6b10,0,0,,1024.0,0.5235503315925598,0.003921568859368563,0.9764705896377563,0.9725490207783878,0.010412216186523438,0.0045141820164982405,1.0,0.0,-1.0,0.01054459810256958
dac89109-37cf-4959-b49e-19861fae19a4,1,0,clipped,1024.0,0.22699080407619476,0.0,0.9872548580169678,0.9872548580169678,0.0220947265625,0.002912863899963708,1.0,0.0,-3.0,0.02801811695098877
daf236c6-0bec-4590-b746-630cd8b7ff66,1,0,clipped,1024.0,0.18728874623775482,0.0,0.9892157316207886,0.9892157316207886,0.037109375,0.005274041120182247,1.0,0.0,-1.0,0.005657970905303955
db73aa5b-f6b2-4f92-8c38-cf7ee7039415,0,0,,1024.0,0.16772747039794922,0.01764705963432789,0.9892156720161438,0.9715686123818159,0.005646705627441406,0.0038226255043908135,1.0,0.0,-1.0,0.011252403259277344
dbaf93da-7dca-444b-9df2-55314829595e,1,0,clipped,1024.0,1.1802669763565063,0.0,0.9882352948188782,0.9882352948188782,0.02107524871826172,0.00442879290276105,1.0,0.01953125,2.0,0.038023293018341064
dbc02d37-5409-41bf-a949-04844da63229,1,0,clipped,1024.0,0.2755790948867798,0.0,0.9921568632125854,0.9921568632125854,0.043290138244628906,0.00503695651541519,1.0,0.0,-2.0,0.031037092208862305
dc19f252-1908-40ef-9839-e72f173057c7,1,0,clipped,1024.0,0.16329394280910492,0.0,0.9764705896377563,0.9764705896377563,0.023681640625,0.005442497619474495,1.0,0.0,-1.0,0.006853997707366943
dd99f6f2-35bb-4b59-9625-4d0e75de2a54,0,1,rotated,1024.0,0.33623412251472473,0.003921568859368563,0.9931372404098511,0.9892156715504825,0.008380889892578125,0.0030478198747621466,1.0,0.0,26.0,0.18643856048583984
de5cd980-fe4d-4271-984c-3ab285efcb48,0,0,,1024.0,1.6072510480880737,0.0,0.9931372404098511,0.9931372404098511,0.01975536346435547,0.0037184550135043815,1.0,0.01953125,1.0,0.005192875862121582
de6e6646-762e-497b-b798-05b74617c5f6,0,0,,1024.0,2.5471458435058594,0.019607843831181526,0.979411780834198,0.9598039370030165,0.00652313232421875,0.005890562675337139,1.0,0.0,3.0,0.033922672271728516
dee8470d-f0f4-4dad-82f3-276b673edde9,0,0,,1024.0,0.32331088185310364,0.0019607844296842813,0.9872548580169678,0.9852940735872835,0.0101318359375,0.0028467619017430146,1.0,0.0,-9.0,0.07158035039901733
df56b32e-332d-4edb-aeb0-518f41ee8586,0,0,,1024.0,0.14409546554088593,0.0,0.9901961088180542,0.9901961088180542,0.011669158935546875,0.004943235061689853,1.0,0.0,-2.0,0.017240524291992188
e02fdaed-5d9d-4fbe-8222-cfbdd3b00a3f,1,0,clipped,1024.0,0.44946205615997314,0.0,0.9784313440322876,0.9784313440322876,0.07509613037109375,0.0048617281061725205,1.0,0.0,1.0,0.009099066257476807
e112e7bb-4892-4ad6-b3e4-81e68357e109,1,0,clipped,1024.0,0.20486612617969513,0.0,0.9882352948188782,0.9882352948188782,0.033646583557128906,0.00524968849447358,1.0,0.0,-3.0,0.041423499584198
e16597e4-4bad-4d6b-819a-3f94dac2454d,1,0,clipped,1024.0,0.23192940652370453,0.0,0.9872548580169678,0.9872548580169678,0.0241851806640625,0.005394493455423946,1.0,0.0,5.0,0.05376797914505005
e259f5f6-b9c6-48f3-8bf5-193a3c0dd52e,0,0,,1024.0,0.34262627363204956,0.07352941483259201,0.9901961088180542,0.9166666939854622,0.007294654846191406,0.0060962542057026595,1.0,0.0,-1.0,0.012846887111663818
e36afeec-266a-4aa8-9d47-72fcaa56cf30,0,0,,1024.0,0.18299449980258942,0.0,0.953499994277961,0.953499994277961,0.011537551879882812,0.00530254097965539,1.0,0.0,2.0,0.012514948844909668
e3ac9753-ac4b-4147-9122-8ff5ac139413,0,1,clipped,1024.0,0.08525732904672623,0.0,0.9823529720306396,0.9823529720306396,0.13199520111083984,0.004546346311098338,1.0,0.0,-1.0,0.00942695140838623
e3dc00b7-5675-4ebf-88ac-42a60e2ed893,0,0,,1024.0,0.6238459348678589,0.01764705963432789,0.9921568632125854,0.9745098035782576,0.005663871765136719,0.002319289144103246,1.0,0.0,1.0,0.004344820976257324
e3e70d50-298d-4aa6-b191-3346131325cd,1,0,rotated,1024.0,0.5107592940330505,0.005882353521883488,0.9333333373069763,0.9274509837850928,0.0055694580078125,0.0031012519870819368,1.0,0.0,17.0,0.14581447839736938
e425530f-056a-4b40-951e-27777efa6300,0,0,,1024.0,0.12527145445346832,0.0,0.9892157316207886,0.9892157316207886,0.011273384094238281,0.004595996521933667,1.0,0.0,1.0,0.0038015246391296387
e42ac421-014f-4125-a5f4-73567473d065,0,1,clipped,1024.0,0.8683602213859558,0.0,0.9823529720306396,0.9823529720306396,0.1542835235595703,0.0033038571794929113,1.0,0.09765625,-1.0,0.017372190952301025
e48a77e5-d627-41c2-b82d-30677644e885,0,1,clipped,1024.0,0.9867435097694397,0.0,0.9921568632125854,0.9921568632125854,0.114837646484375,0.004675332072617907,1.0,0.091796875,8.0,0.08015286922454834
e4e8cea2-9cb5-4a83-903e-74dd77d9a73e,0,0,,1024.0,0.16786566376686096,0.0117647061124444,0.9529411792755127,0.9411764731630683,0.0052013397216796875,0.005486940820202008,1.0,0.0,2.0,0.046658217906951904
e54107b1-04c8-464a-91b8-7d370a3ee4c8,1,0,clipped,1024.0,0.09230035543441772,0.0,0.9941176176071167,0.9941176176071167,0.02432537078857422,0.004666482230084436,1.0,0.0,-2.0,0.016020119190216064
e54f1e19-3d46-4d53-8575-2a7863fe0240,1,0,clipped,1024.0,0.11388589441776276,0.0,0.9941176772117615,0.9941176772117615,0.039020538330078125,0.004846981122295237,1.0,0.0,-3.0,0.0338626503944397
e56c54cd-7486-4a34-9cad-eedaf07b0aaa,0,0,,1024.0,0.6483761668205261,0.003921568859368563,0.9843137264251709,0.9803921575658023,0.00580596923828125,0.0033958047830826782,1.0,0.0,-7.0,0.07603186368942261
e5af03f0-ddf9-42a0-b66f-ab5105165bb2,0,0,,1024.0,0.15140551328659058,0.003921568859368563,0.9960784316062927,0.9921568627469242,0.0088043212890625,0.0031734370373134946,1.0,0.0,1.0,0.0037499666213989258
e616a6b0-866c-4d94-a875-b8735ead74d4,0,0,,1024.0,0.4553896188735962,0.003921568859368563,0.9823529720306396,0.9784314031712711,0.0065631866455078125,0.004083873245032854,1.0,0.0,-8.0,0.09204423427581787
e685e94d-52a3-4c1b-bb41-1f0d682de390,0,0,,1024.0,0.23624439537525177,0.007843137718737125,0.9921568632125854,0.9843137254938483,0.005656242370605469,0.0029994541403246143,1.0,0.0,1.0,0.007527172565460205
e6a3f420-39d4-4042-8485-87024e7fb4f3,0,0,,1024.0,0.14889952540397644,0.0009803922148421407,0.9852941036224365,0.9843137114075944,0.011277198791503906,0.0050753300360634425,1.0,0.0,-2.0,0.027105867862701416
e6d18207-9599-49b6-b535-d6d1d77815e6,0,0,,1024.0,0.9588499665260315,0.0235294122248888,0.9931372404098511,0.9696078281849623,0.0068264007568359375,0.002850264210351604,1.0,0.0,1.0,0.006800293922424316
e784a42b-a925-4c1a-9b42-69df1488ab5f,0,0,,1024.0,0.6660667657852173,0.013725491240620613,0.9725490212440491,0.9588235300034285,0.0055027008056640625,0.0032176698060035723,1.0,0.001953125,-3.0,0.03267616033554077
e7a47a98-2dd9-45af-9818-1ebd88cfb700,0,1,clipped,1024.0,0.13490037620067596,0.0,0.9833333492279053,0.9833333492279053,0.1465139389038086,0.005058396700026951,1.0,0.0,2.0,0.02411472797393799
e96a0239-5630-4b54-8e34-d17a3bed5841,0,0,,1024.0,0.15453864634037018,0.013725490309298038,0.9833333492279053,0.9696078589186072,0.0057811737060546875,0.0051434277390725825,1.0,0.0,-1.0,0.0023807287216186523
e9b7e142-24ba-4d46-83f6-1093b4bef4ea,0,0,,1024.0,0.15212634205818176,0.003921568859368563,0.9960784316062927,0.9921568627469242,0.012276649475097656,0.00454723879266168,1.0,0.0,0.0,0.0
e9c5bafe-67ff-47a6-8855-b2257ebddeec,0,1,clipped,1024.0,0.1536208987236023,0.0,0.9931372404098511,0.9931372404098511,0.08005714416503906,0.004792824111633586,1.0,0.0,-1.0,0.004944801330566406
eab95d6c-d32d-4506-a183-4531489c904b,0,0,,1024.0,0.15234842896461487,0.0,0.9637254476547241,0.9637254476547241,0.016905784606933594,0.004467149793456561,1.0,0.0,-1.0,0.011124491691589355
eba80948-4a28-4909-9b2d-06a0175c830f,1,1,clipped;rotated,1024.0,0.465488463640213,0.0,0.9843137264251709,0.9843137264251709,0.021307945251464844,0.0031979345794900405,1.0,0.0,30.0,0.24806800484657288
ebdce9e1-beba-4412-aa86-9b65c0e1f40d,0,0,,1024.0,0.20895490050315857,0.0,0.9813725352287292,0.9813725352287292,0.012719154357910156,0.004817359089516509,1.0,0.0,1.0,0.01640951633453369
ebef5e0c-ebd3-4d53-9ccd-18b7f800356d,1,0,clipped,1024.0,0.13248112797737122,0.0,0.9666666984558105,0.9666666984558105,0.05041027069091797,0.004537886208790519,1.0,0.0,1.0,0.00459975004196167
ebffc558-8f27-4863-b797-5dd71a9118e0,1,0,clipped,1024.0,0.19782805442810059,0.0,0.9882352948188782,0.9882352948188782,0.02227783203125,0.004882572488332016,1.0,0.0,-1.0,0.0017789006233215332
ec60f8bf-72eb-488f-ab84-5d45767d1261,0,0,,1024.0,0.16946625709533691,0.0019607844296842813,0.9509804248809814,0.9490196404512972,0.010863304138183594,0.004711901972742801,1.0,0.0,1.0,0.003045320510864258
ed21ee4c-97e4-4306-b473-3cca22b4f13d,0,0,,1024.0,0.41528743505477905,0.003921568859368563,0.9960784316062927,0.9921568627469242,0.008355140686035156,0.0023587539293292246,1.0,0.00390625,-3.0,0.020044267177581787
ed76361e-042c-49a2-b6e5-6ad404525c2e,0,0,,1024.0,0.4506639242172241,0.014705883339047432,0.9852941036224365,0.9705882202833891,0.006140708923339844,0.0026959015193900896,1.0,0.0,-3.0,0.019298255443572998
ee373825-44f6-45ca-8ec9-d2d1d9541450,0,0,,1024.0,0.1678842008113861,0.0,0.9833333492279053,0.9833333492279053,0.01271820068359375,0.005000574629793108,1.0,0.0,3.0,0.019410669803619385
ef2f4955-9209-4d8f-8a36-f668b85df90a,0,0,,1024.0,0.5602062344551086,0.01764705963432789,0.9960784316062927,0.9784313719719648,0.007691383361816406,0.0037302575627361657,1.0,0.001953125,-3.0,0.04832863807678223
efca1796-561c-4131-9a5d-19efe15f7e85,0,0,,1024.0,0.36789536476135254,0.004901961423456669,0.9852941036224365,0.9803921421989799,0.0066547393798828125,0.003039098837725099,1.0,0.00390625,1.0,0.00113600492477417
f060ad29-440c-4662-ad71-e69516a3c42e,1,0,clipped,1024.0,0.12659324705600739,0.0,0.9892156720161438,0.9892156720161438,0.03493785858154297,0.004484064958398148,1.0,0.0,-1.0,0.0033074617385864258
f0fa0d55-07a5-47ef-beda-b55a7489dca5,0,0,,1024.0,0.14664539694786072,0.019607843831181526,0.9960784316062927,0.9764705877751112,0.00788116455078125,0.0037096755293701787,1.0,0.0,1.0,0.002672255039215088
f14916d0-2dab-4a08-b306-7ef36fee8fb6,1,0,clipped,1024.0,0.3110273778438568,0.0,0.9960784316062927,0.9960784316062927,0.030042648315429688,0.003048975685139688,1.0,0.015625,-4.0,0.05783945322036743
f1665ed1-c647-4ed0-8340-5e9f88c6b257,1,0,clipped,1024.0,0.14662860333919525,0.0,0.9725490212440491,0.9725490212440491,0.07206153869628906,0.0045675269618239926,1.0,0.0,2.0,0.015119552612304688
f1ec5794-1372-424b-8900-7a448f5564d7,1,0,clipped,1024.0,0.2618192136287689,0.0,0.9833333492279053,0.9833333492279053,0.04801654815673828,0.004786025303022443,1.0,0.0,0.0,0.0
f2343cec-b4a9-4c5d-9a57-7d6a53527784,0,0,,1024.0,0.1477673053741455,0.0009803922148421407,0.9725490212440491,0.9715686290292069,0.011011123657226562,0.004849704105637505,1.0,0.0,3.0,0.01857811212539673
f2451ef6-3063-4afc-bebd-5c4ee6a0f828,1,0,clipped,1024.0,1.1559953689575195,0.0,0.9941176176071167,0.9941176176071167,0.02487945556640625,0.003539424612455952,1.0,0.0234375,0.0,0.0
f3219d27-aeb5-4c40-b99b-e90f926f1c5b,0,1,clipped,1024.0,0.3398376405239105,0.0,0.9813725352287292,0.9813725352287292,0.26164817810058594,0.002339588248789268,1.0,0.126953125,2.0,0.011440277099609375
f43d1325-d4d1-4665-b36f-47657e04b7d5,1,0,rotated,1024.0,0.06763269007205963,0.011764707043766975,0.9990196228027344,0.9872549157589674,0.014421463012695312,0.003750624352723847,1.0,0.0,-14.0,0.04193711280822754
f45232b2-f5d2-4264-ad0b-50b7d45e3d63,1,0,rotated,1024.0,1.3412104845046997,0.0068627456203103065,0.9950979948043823,0.988235249184072,0.006123542785644531,0.004473876995127028,1.0,0.0,16.0,0.14927983283996582
f55b427a-a060-465a-9812-2bb747e673eb,1,0,clipped,1024.0,0.8788884282112122,0.0,0.9852941036224365,0.9852941036224365,0.037316322326660156,0.0048775519537893955,1.0,0.0,1.0,0.0029277801513671875
f57866db-e88b-45f6-b9ce-1a185ac5dea8,1,0,clipped,1024.0,0.28143608570098877,0.0,0.9852941036224365,0.9852941036224365,0.03497600555419922,0.004569567947294326,1.0,0.03515625,-3.0,0.019875705242156982
f6514d42-39c3-4816-8c6f-214ca72b4f87,1,0,clipped,1024.0,0.12962606549263,0.0,0.9960784316062927,0.9960784316062927,0.03818798065185547,0.004563770797476582,1.0,0.0,0.0,0.0
f6a91706-c486-40f9-aae4-8d4cccb05e6f,0,0,,1024.0,0.1712091565132141,0.01764705963432789,0.9931372404098511,0.9754901807755232,0.006495475769042969,0.0028659009982088,1.0,0.0,0.0,0.0
f6c48267-7544-4d6d-bcbd-3dab254b653b,0,0,,1024.0,0.22621950507164001,0.0,0.9950979948043823,0.9950979948043823,0.016035079956054688,0.004932482667680712,1.0,0.0,1.0,0.005547642707824707
f7379744-be39-44b2-8816-a743857bd6a6,1,0,clipped,1024.0,0.6737234592437744,0.0,0.9960784316062927,0.9960784316062927,0.029249191284179688,0.004147088215120677,1.0,0.025390625,5.0,0.11169588565826416
f776cf8f-56fa-40eb-8cf0-0d0dce7deda9,0,0,,1024.0,1.081937313079834,0.013725491240620613,0.9882352948188782,0.9745098035782576,0.0055389404296875,0.004661760242561613,1.0,0.00390625,-3.0,0.03191030025482178
f79bfdae-858b-404b-b25f-7acf681804da,0,0,,1024.0,0.1365736424922943,0.0,0.9941176176071167,0.9941176176071167,0.016098976135253906,0.0047942187296761375,1.0,0.0,-1.0,0.006673574447631836
f7a488d3-34b2-4bcf-b61a-b4ad12c230e0,0,1,clipped,1024.0,0.59035724401474,0.0,0.9843137264251709,0.9843137264251709,0.29633617401123047,0.004372718026170951,1.0,0.259765625,-2.0,0.01689690351486206
f7feb95a-6cb9-46fd-84ea-3d421ae122ef,0,0,,1024.0,0.22570015490055084,0.003921568859368563,0.9882352948188782,0.9843137259595096,0.011572837829589844,0.0063736869899802175,1.0,0.0,2.0,0.02071821689605713
f992fc37-d711-40b3-abb2-752ff26217bf,0,0,,1024.0,0.31642767786979675,0.007843137718737125,0.9843137264251709,0.9764705887064338,0.005675315856933594,0.002475805104082864,1.0,0.0,-8.0,0.0994337797164917
fa596a49-d322-4bc9-9573-cac9926e11da,0,0,,1024.0,1.1008288860321045,0.003921568859368563,0.9794117212295532,0.9754901523701847,0.009322166442871094,0.003572707431909134,1.0,0.0,-1.0,0.0052373409271240234
fe463b9d-b949-4018-ae41-9b8dbc815e37,0,0,,1024.0,1.5975558757781982,0.05098039656877518,0.979411780834198,0.9284313842654228,0.005573272705078125,0.004489267691061087,1.0,0.0,-3.0,0.02195495367050171
fe4f5b3e-c635-48b6-af5b-4b5d79283f3c,0,1,clipped,1024.0,1.2461563348770142,0.0,0.9803921580314636,0.9803921580314636,0.10233116149902344,0.004314831817860538,1.0,0.056640625,1.0,0.011475086212158203
fe5e5a88-1f1d-4abf-9a40-03517c3260ba,0,0,,1024.0,0.8909770250320435,0.002941176760941744,0.9882352948188782,0.9852941180579364,0.011854171752929688,0.005205743842076599,1.0,0.0,1.0,0.005190908908843994
fe5f2de2-4299-4ce0-9eb9-791271c4168a,0,0,,1024.0,0.159647136926651,0.0117647061124444,0.9892156720161438,0.9774509659036994,0.005610466003417969,0.0036051661371293217,1.0,0.0,-1.0,0.01700049638748169
fef72585-1a73-428d-9138-07f19fa8603c,1,0,clipped,1024.0,0.15610994398593903,0.0,0.979411780834198,0.979411780834198,0.06177997589111328,0.005004585327283391,1.0,0.0,-1.0,0.008613884449005127
ff863e04-0cd1-4cc4-b68d-f403d05193c4,1,0,clipped,1024.0,0.8848506808280945,0.0,0.9843137264251709,0.9843137264251709,0.043005943298339844,0.003121733958300168,1.0,0.041015625,2.0,0.02951335906982422
ffa141d4-00d8-4df5-86e0-b6f37dd8f3b1,1,0,clipped,1024.0,1.3258405923843384,0.0,0.9745097756385803,0.9745097756385803,0.029677391052246094,0.006960474344251722,1.0,0.015625,-1.0,0.010689318180084229
ffb0a415-cd40-4c33-b806-cf533505f89e,0,0,,1024.0,0.21134231984615326,0.020588235929608345,0.9941176176071167,0.9735293816775084,0.006794929504394531,0.00402378258082007,1.0,0.0,-1.0,0.01239544153213501
ffd787b6-59ca-48cb-bd15-bcedd52cf37c,0,0,,1024.0,0.6266357898712158,0.003921568859368563,0.9882352948188782,0.9843137259595096,0.006880760192871094,0.0034273989519083407,1.0,0.0,-6.0,0.10856413841247559
