image_id,n_warn,n_fail,codes,m_min_side,m_blur,m_p1,m_p99,m_range,m_clip,m_noise_rel,m_aspect,m_margin
Tr_glioma_Tr-gl_10,1,0,clipped,512.0,0.4753842055797577,0.0,0.7333333492279053,0.7333333492279053,0.031711578369140625,0.00250711630315117,1.0,0.01953125
Tr_glioma_Tr-gl_1002,0,2,underexposed;clipped,512.0,0.33014100790023804,0.0,0.501960813999176,0.501960813999176,0.3269386291503906,0.0017476534774716213,1.0,0.345703125
Tr_glioma_Tr-gl_1003,0,1,clipped,512.0,0.4280446171760559,0.0,0.6392157077789307,0.6392157077789307,0.16627120971679688,0.0020992283681866395,1.0,0.25
Tr_glioma_Tr-gl_1011,1,0,clipped,512.0,0.5586143136024475,0.0,0.6627451181411743,0.6627451181411743,0.042110443115234375,0.0023981638041368175,1.0,0.080078125
Tr_glioma_Tr-gl_1042,0,1,clipped,512.0,0.39970120787620544,0.0,0.5607843399047852,0.5607843399047852,0.24258804321289062,0.002272856238809304,1.0,0.212890625
Tr_glioma_Tr-gl_1045,0,1,clipped,512.0,0.5166433453559875,0.0,0.6039215922355652,0.6039215922355652,0.2340240478515625,0.002242186317563472,1.0,0.26953125
Tr_glioma_Tr-gl_1051,1,0,clipped,512.0,0.3518621325492859,0.0,0.6784313917160034,0.6784313917160034,0.036327362060546875,0.0019171379762422478,1.0,0.1875
Tr_glioma_Tr-gl_1055,0,1,clipped,512.0,0.37759554386138916,0.0,0.6705882549285889,0.6705882549285889,0.23734283447265625,0.0017459625998276435,1.0,0.3359375
Tr_glioma_Tr-gl_1061,1,0,clipped,512.0,0.5353162884712219,0.0,0.6784313917160034,0.6784313917160034,0.03650665283203125,0.002145932745996903,1.0,0.1171875
Tr_glioma_Tr-gl_1063,0,2,underexposed;clipped,512.0,0.40934303402900696,0.0,0.5372549295425415,0.5372549295425415,0.224945068359375,0.0022193282978134428,1.0,0.27734375
Tr_glioma_Tr-gl_1066,0,2,underexposed;clipped,512.0,0.36736834049224854,0.0,0.5333333611488342,0.5333333611488342,0.3290443420410156,0.0017959509653634913,1.0,0.279296875
Tr_glioma_Tr-gl_1068,0,1,clipped,512.0,0.44215893745422363,0.0,0.6078431606292725,0.6078431606292725,0.2245635986328125,0.002346931163684968,1.0,0.212890625
Tr_glioma_Tr-gl_107,0,1,clipped,512.0,0.5584078431129456,0.0,0.6235294342041016,0.6235294342041016,0.22559738159179688,0.002289040548575488,1.0,0.248046875
Tr_glioma_Tr-gl_1073,1,0,clipped,512.0,0.3177064061164856,0.0,0.7098039388656616,0.7098039388656616,0.03704071044921875,0.0024026288632273594,1.0,0.109375
Tr_glioma_Tr-gl_1074,0,1,clipped,512.0,0.47900858521461487,0.0,0.6078431606292725,0.6078431606292725,0.1688232421875,0.002043090688845976,1.0,0.298828125
Tr_glioma_Tr-gl_1087,0,1,clipped,512.0,0.4510345458984375,0.0,0.6392157077789307,0.6392157077789307,0.233245849609375,0.0021951369745383787,1.0,0.11328125
Tr_glioma_Tr-gl_1092,1,2,underexposed;clipped;unusual_framing,512.0,0.604678213596344,0.0,0.48235294222831726,0.48235294222831726,0.257171630859375,0.0017401884919964472,1.0,0.443359375
Tr_glioma_Tr-gl_110,0,1,clipped,512.0,0.48076850175857544,0.0,0.5843137502670288,0.5843137502670288,0.23350906372070312,0.002087773706095995,1.0,0.3203125
Tr_glioma_Tr-gl_1104,1,1,underexposed;clipped,512.0,0.6177265048027039,0.0,0.5176470875740051,0.5176470875740051,0.0434112548828125,0.0025179543636063514,1.0,0.146484375
Tr_glioma_Tr-gl_1111,1,0,clipped,512.0,0.5216534733772278,0.0,0.6627451181411743,0.6627451181411743,0.038543701171875,0.0024168395089699045,1.0,0.109375
Tr_glioma_Tr-gl_1114,1,0,clipped,512.0,0.28647124767303467,0.0,0.7215686440467834,0.7215686440467834,0.045017242431640625,0.001962028789889605,1.0,0.166015625
Tr_glioma_Tr-gl_1117,1,0,clipped,512.0,0.6945613026618958,0.0,0.6784313917160034,0.6784313917160034,0.022022247314453125,0.00275642629464788,1.0,0.09375
Tr_glioma_Tr-gl_1118,1,1,underexposed;clipped,512.0,0.7381787300109863,0.0,0.46666666865348816,0.46666666865348816,0.035053253173828125,0.0030703572598304936,1.0,0.18359375
Tr_glioma_Tr-gl_113,0,1,clipped,512.0,0.4073928892612457,0.0,0.6470588445663452,0.6470588445663452,0.167449951171875,0.002053885827621408,1.0,0.3046875
Tr_glioma_Tr-gl_1135,0,1,clipped,512.0,0.5004556179046631,0.0,0.7019608020782471,0.7019608020782471,0.2811737060546875,0.0019938537689877618,1.0,0.328125
Tr_glioma_Tr-gl_1141,1,1,clipped;unusual_framing,512.0,0.7656387686729431,0.0,0.5529412031173706,0.5529412031173706,0.3455772399902344,0.0019265571186433657,1.0,0.3671875
Tr_glioma_Tr-gl_1172,1,0,clipped,512.0,0.5692127346992493,0.0,0.6705882549285889,0.6705882549285889,0.03849029541015625,0.0020998610569643466,1.0,0.248046875
Tr_glioma_Tr-gl_1176,1,0,clipped,512.0,0.6419691443443298,0.0,0.7254902124404907,0.7254902124404907,0.029575347900390625,0.0026128023263777885,1.0,0.03515625
Tr_glioma_Tr-gl_1177,1,0,clipped,512.0,0.7357718348503113,0.0,0.7058823704719543,0.7058823704719543,0.028644561767578125,0.0028211484578512824,1.0,0.037109375
Tr_glioma_Tr-gl_1179,0,1,clipped,512.0,0.5326496362686157,0.0,0.5882353186607361,0.5882353186607361,0.23353958129882812,0.0023316924787121556,1.0,0.291015625
Tr_glioma_Tr-gl_1185,1,0,clipped,512.0,0.5203692317008972,0.0,0.6980392336845398,0.6980392336845398,0.038814544677734375,0.0025254353935655646,1.0,0.083984375
Tr_glioma_Tr-gl_1191,1,0,clipped,512.0,0.3075207471847534,0.0,0.6336078649759567,0.6336078649759567,0.04639434814453125,0.0018993008760160022,1.0,0.283203125
Tr_glioma_Tr-gl_1192,1,0,clipped,512.0,0.562445342540741,0.0,0.6627451181411743,0.6627451181411743,0.037075042724609375,0.002393943894213343,1.0,0.080078125
Tr_glioma_Tr-gl_1199,1,0,clipped,512.0,0.27604517340660095,0.0,0.7137255072593689,0.7137255072593689,0.043743133544921875,0.00213033600600476,1.0,0.140625
Tr_glioma_Tr-gl_1206,1,0,clipped,512.0,0.3251344859600067,0.0,0.729411780834198,0.729411780834198,0.03687286376953125,0.002294545025502883,1.0,0.0859375
Tr_glioma_Tr-gl_1220,1,0,clipped,512.0,0.3109351396560669,0.0,0.7254902124404907,0.7254902124404907,0.034908294677734375,0.00237816769685015,1.0,0.08984375
Tr_glioma_Tr-gl_1239,0,2,underexposed;clipped,512.0,0.4184664487838745,0.0,0.529411792755127,0.529411792755127,0.3336181640625,0.002216561585781817,1.0,0.27734375
Tr_glioma_Tr-gl_1244,1,0,clipped,512.0,0.9272297024726868,0.0,0.6784313917160034,0.6784313917160034,0.035858154296875,0.0027877146337870256,1.0,0.083984375
Tr_glioma_Tr-gl_1247,1,1,underexposed;clipped,512.0,0.9409499764442444,0.0,0.4941176474094391,0.4941176474094391,0.034969329833984375,0.002923301340794323,1.0,0.076171875
Tr_glioma_Tr-gl_1249,1,0,clipped,512.0,0.1835266500711441,0.0,0.8117647171020508,0.8117647171020508,0.031795501708984375,0.0017776238273987484,1.0,0.125
Tr_glioma_Tr-gl_1257,0,1,clipped,512.0,0.5211027264595032,0.0,0.6392157077789307,0.6392157077789307,0.2293548583984375,0.0020544520522124674,1.0,0.306640625
Tr_glioma_Tr-gl_1303,1,0,clipped,512.0,0.37565523386001587,0.0,0.7529411911964417,0.7529411911964417,0.02568817138671875,0.0022527642819472173,1.0,0.09375
Tr_glioma_Tr-gl_1321,1,0,clipped,512.0,0.29129448533058167,0.0,0.772549033164978,0.772549033164978,0.02840423583984375,0.0018331337242458719,1.0,0.21875
Tr_glioma_Tr-gl_1336,1,2,underexposed;clipped;unusual_framing,512.0,0.3143185079097748,0.0,0.5098039507865906,0.5098039507865906,0.3385162353515625,0.001411240453608564,1.0,0.369140625
Tr_glioma_Tr-gl_1353,1,0,clipped,512.0,0.27100276947021484,0.0,0.729411780834198,0.729411780834198,0.032623291015625,0.0021788472441968748,1.0,0.091796875
Tr_glioma_Tr-gl_1357,1,0,clipped,512.0,0.23913748562335968,0.0,0.7568627595901489,0.7568627595901489,0.02422332763671875,0.001727700440161122,1.0,0.25
Tr_glioma_Tr-gl_1358,1,1,underexposed;clipped,512.0,0.5691112875938416,0.0,0.5098039507865906,0.5098039507865906,0.03083038330078125,0.0027111464089890295,1.0,0.080078125
Tr_glioma_Tr-gl_1362,1,1,underexposed;clipped,512.0,0.5675515532493591,0.0,0.3960784375667572,0.3960784375667572,0.039371490478515625,0.0030738922862187856,1.0,0.181640625
Tr_glioma_Tr-gl_1368,1,0,clipped,512.0,0.27689483761787415,0.0,0.7411764860153198,0.7411764860153198,0.041225433349609375,0.0021282175274613783,1.0,0.12109375
Tr_glioma_Tr-gl_1373,1,0,clipped,512.0,0.48184266686439514,0.0,0.686274528503418,0.686274528503418,0.039638519287109375,0.0024735686961681507,1.0,0.09375
Tr_glioma_Tr-gl_1388,0,1,clipped,512.0,0.4094918668270111,0.0,0.5921568870544434,0.5921568870544434,0.23535537719726562,0.0019242327568265692,1.0,0.326171875
Tr_glioma_Tr-gl_1391,1,0,clipped,512.0,0.34105923771858215,0.0,0.7803921699523926,0.7803921699523926,0.033634185791015625,0.002110000087876719,1.0,0.072265625
Tr_glioma_Tr-gl_146,0,1,clipped,512.0,0.4616474509239197,0.0,0.6196078658103943,0.6196078658103943,0.23109054565429688,0.0021645109618330985,1.0,0.279296875
Tr_glioma_Tr-gl_157,0,2,underexposed;clipped,512.0,0.5990101099014282,0.0,0.43921568989753723,0.43921568989753723,0.22815704345703125,0.0025486161454014006,1.0,0.287109375
Tr_glioma_Tr-gl_188,0,1,clipped,512.0,0.4665837287902832,0.0,0.6352941393852234,0.6352941393852234,0.16836929321289062,0.0021974141472094555,1.0,0.25390625
Tr_glioma_Tr-gl_199,1,1,clipped;unusual_framing,512.0,0.3192259967327118,0.0,0.6274510025978088,0.6274510025978088,0.3389129638671875,0.0014111531090538272,1.0,0.36328125
Tr_glioma_Tr-gl_227,1,0,clipped,512.0,0.6084126830101013,0.0,0.6666666865348816,0.6666666865348816,0.024036407470703125,0.0023791910233449246,1.0,0.19140625
Tr_glioma_Tr-gl_228,0,1,clipped,512.0,0.5543191432952881,0.0,0.615686297416687,0.615686297416687,0.363525390625,0.001780799932826418,1.0,0.30859375
Tr_glioma_Tr-gl_23,1,0,clipped,512.0,0.22160503268241882,0.0,0.6392157077789307,0.6392157077789307,0.02994537353515625,0.0022319317829020626,1.0,0.12109375
Tr_glioma_Tr-gl_230,1,1,underexposed;clipped,512.0,0.7482425570487976,0.0,0.40784314274787903,0.40784314274787903,0.0500030517578125,0.003038890826987919,1.0,0.115234375
Tr_glioma_Tr-gl_243,1,0,clipped,512.0,0.20269039273262024,0.0,0.800000011920929,0.800000011920929,0.030574798583984375,0.0019380714661679937,1.0,0.130859375
Tr_glioma_Tr-gl_26,1,0,clipped,512.0,0.3030467629432678,0.0,0.6745098233222961,0.6745098233222961,0.04096221923828125,0.002187862294595797,1.0,0.107421875
Tr_glioma_Tr-gl_294,0,2,underexposed;clipped,512.0,0.5746974945068359,0.0,0.3803921639919281,0.3803921639919281,0.23347091674804688,0.0028896281921600426,1.0,0.271484375
Tr_glioma_Tr-gl_305,1,0,clipped,512.0,0.44184988737106323,0.0,0.7058823704719543,0.7058823704719543,0.028980255126953125,0.002076525091530095,1.0,0.171875
Tr_glioma_Tr-gl_310,1,2,underexposed;clipped;unusual_framing,512.0,0.269917368888855,0.0,0.48627451062202454,0.48627451062202454,0.2895965576171875,0.0016796013674520497,1.0,0.37890625
Tr_glioma_Tr-gl_316,1,0,clipped,512.0,0.37127548456192017,0.0,0.6705882549285889,0.6705882549285889,0.0272216796875,0.0023102068086410734,1.0,0.08984375
Tr_glioma_Tr-gl_323,1,0,clipped,512.0,0.763170599937439,0.0,0.5803921818733215,0.5803921818733215,0.03448486328125,0.0028873424935569945,1.0,0.125
Tr_glioma_Tr-gl_334,1,0,clipped,512.0,0.32977294921875,0.0,0.6039215922355652,0.6039215922355652,0.044948577880859375,0.0020153788526523124,1.0,0.296875
Tr_glioma_Tr-gl_336,0,1,clipped,512.0,0.44511502981185913,0.0,0.6431372761726379,0.6431372761726379,0.32340240478515625,0.0018870738661469258,1.0,0.294921875
Tr_glioma_Tr-gl_341,1,0,clipped,512.0,0.5214464068412781,0.0,0.6549019813537598,0.6549019813537598,0.027980804443359375,0.002678143173760281,1.0,0.025390625
Tr_glioma_Tr-gl_349,0,1,clipped,512.0,0.5336883664131165,0.0,0.6509804129600525,0.6509804129600525,0.2252349853515625,0.002443313508465205,1.0,0.205078125
Tr_glioma_Tr-gl_351,0,1,clipped,512.0,0.4845646023750305,0.0,0.6392157077789307,0.6392157077789307,0.232452392578125,0.002113546219268312,1.0,0.271484375
Tr_glioma_Tr-gl_375,1,0,clipped,512.0,0.30363574624061584,0.0,0.7803921699523926,0.7803921699523926,0.033031463623046875,0.0018975301767926514,1.0,0.138671875
Tr_glioma_Tr-gl_379,0,1,clipped,512.0,0.47498849034309387,0.0,0.5686274766921997,0.5686274766921997,0.3389892578125,0.0021646418500542992,1.0,0.27734375
Tr_glioma_Tr-gl_380,1,0,clipped,512.0,0.6100400686264038,0.0,0.7098039388656616,0.7098039388656616,0.03667449951171875,0.0027139024416778994,1.0,0.068359375
Tr_glioma_Tr-gl_389,1,0,clipped,512.0,0.5727495551109314,0.0,0.6235294342041016,0.6235294342041016,0.039546966552734375,0.002307112769100817,1.0,0.19140625
Tr_glioma_Tr-gl_390,1,0,clipped,512.0,0.4729708433151245,0.0,0.6549019813537598,0.6549019813537598,0.037036895751953125,0.0020655770216400893,1.0,0.125
Tr_glioma_Tr-gl_391,0,2,underexposed;clipped,512.0,0.4917696714401245,0.0,0.5333333611488342,0.5333333611488342,0.22570037841796875,0.0025021217709782838,1.0,0.2109375
Tr_glioma_Tr-gl_403,1,0,clipped,512.0,0.3595891296863556,0.0,0.7450980544090271,0.7450980544090271,0.039112091064453125,0.0020829818798781758,1.0,0.15625
Tr_glioma_Tr-gl_404,0,2,underexposed;clipped,512.0,0.7251501083374023,0.0,0.45098039507865906,0.45098039507865906,0.22686386108398438,0.0026841759718742113,1.0,0.279296875
Tr_glioma_Tr-gl_408,0,1,clipped,512.0,0.32409900426864624,0.0,0.658823549747467,0.658823549747467,0.22664642333984375,0.0020251350973232813,1.0,0.2265625
Tr_glioma_Tr-gl_41,0,1,clipped,512.0,0.4198116958141327,0.0,0.6549019813537598,0.6549019813537598,0.23227691650390625,0.0020078692431246222,1.0,0.294921875
Tr_glioma_Tr-gl_413,1,0,clipped,512.0,0.5143606662750244,0.0,0.6509804129600525,0.6509804129600525,0.023929595947265625,0.002511731815947207,1.0,0.0859375
Tr_glioma_Tr-gl_426,1,1,underexposed;clipped,512.0,0.3958004415035248,0.0,0.4627451002597809,0.4627451002597809,0.03748321533203125,0.0023852818290287085,1.0,0.146484375
Tr_glioma_Tr-gl_44,0,1,clipped,512.0,0.4574088752269745,0.0,0.6078431606292725,0.6078431606292725,0.23870086669921875,0.001918895856047772,1.0,0.328125
Tr_glioma_Tr-gl_456,0,1,clipped,512.0,0.6604061722755432,0.0,0.5764706134796143,0.5764706134796143,0.3151817321777344,0.002427616632901251,1.0,0.271484375
Tr_glioma_Tr-gl_477,1,1,clipped;unusual_framing,512.0,0.3390268385410309,0.0,0.6352941393852234,0.6352941393852234,0.23691177368164062,0.001822823544612122,1.0,0.39453125
Tr_glioma_Tr-gl_482,1,1,clipped;unusual_framing,512.0,0.42201992869377136,0.0,0.5921568870544434,0.5921568870544434,0.2498626708984375,0.0017264473288174907,1.0,0.37890625
Tr_glioma_Tr-gl_491,1,0,clipped,512.0,0.5226981043815613,0.0,0.7098039388656616,0.7098039388656616,0.03884124755859375,0.0021727120405638637,1.0,0.18359375
Tr_glioma_Tr-gl_516,0,1,clipped,512.0,0.6490609645843506,0.0,0.6627451181411743,0.6627451181411743,0.22068023681640625,0.00231715064558211,1.0,0.208984375
Tr_glioma_Tr-gl_522,0,1,clipped,512.0,0.6400928497314453,0.0,0.6313725709915161,0.6313725709915161,0.2073822021484375,0.002647079808926958,1.0,0.21484375
Tr_glioma_Tr-gl_523,1,0,clipped,512.0,0.2873435914516449,0.0,0.7019608020782471,0.7019608020782471,0.034770965576171875,0.001986953411435062,1.0,0.1875
Tr_glioma_Tr-gl_530,1,0,clipped,512.0,0.5548291802406311,0.0,0.5960784554481506,0.5960784554481506,0.036529541015625,0.002296309918304465,1.0,0.150390625
Tr_glioma_Tr-gl_542,1,0,clipped,512.0,0.3420632779598236,0.0,0.729411780834198,0.729411780834198,0.03292083740234375,0.002136170856992682,1.0,0.115234375
Tr_glioma_Tr-gl_549,1,0,clipped,512.0,0.3150632977485657,0.0,0.6627451181411743,0.6627451181411743,0.044101715087890625,0.0019239938800109354,1.0,0.287109375
Tr_glioma_Tr-gl_566,0,2,underexposed;clipped,512.0,0.785021960735321,0.0,0.37254902720451355,0.37254902720451355,0.3494377136230469,0.002689447195977123,1.0,0.31640625
Tr_glioma_Tr-gl_570,1,0,clipped,512.0,0.42396342754364014,0.0,0.686274528503418,0.686274528503418,0.039531707763671875,0.0023739109036350005,1.0,0.10546875
Tr_glioma_Tr-gl_571,1,0,clipped,512.0,0.7072964906692505,0.0,0.6627451181411743,0.6627451181411743,0.035694122314453125,0.002565483646783299,1.0,0.150390625
Tr_glioma_Tr-gl_587,1,0,clipped,512.0,0.20029456913471222,0.0,0.772549033164978,0.772549033164978,0.025478363037109375,0.0016203331910525486,1.0,0.26953125
Tr_glioma_Tr-gl_595,1,0,clipped,512.0,0.3789891004562378,0.0,0.6470588445663452,0.6470588445663452,0.0421295166015625,0.002408222265702962,1.0,0.078125
Tr_glioma_Tr-gl_603,0,1,clipped,512.0,0.2572888731956482,0.0,0.5764706134796143,0.5764706134796143,0.2494659423828125,0.0018503806943488306,1.0,0.2734375
Tr_glioma_Tr-gl_614,0,1,clipped,512.0,0.48023176193237305,0.0,0.6627451181411743,0.6627451181411743,0.33124542236328125,0.0018711225268096044,1.0,0.271484375
Tr_glioma_Tr-gl_645,0,2,underexposed;clipped,512.0,0.8835169672966003,0.0,0.47058823704719543,0.47058823704719543,0.22603225708007812,0.00264911131523472,1.0,0.27734375
Tr_glioma_Tr-gl_668,1,0,clipped,512.0,0.7177140116691589,0.0,0.6666666865348816,0.6666666865348816,0.03517913818359375,0.0025555326081131147,1.0,0.087890625
Tr_glioma_Tr-gl_669,1,1,underexposed;clipped,512.0,0.5391626954078674,0.0,0.3294117748737335,0.3294117748737335,0.06911468505859375,0.0027085233684842223,1.0,0.208984375
Tr_glioma_Tr-gl_677,1,0,clipped,512.0,0.5153681635856628,0.0,0.6509804129600525,0.6509804129600525,0.023189544677734375,0.00270657475265409,1.0,0.025390625
Tr_glioma_Tr-gl_68,1,2,underexposed;clipped;unusual_framing,512.0,0.20509661734104156,0.0,0.48627451062202454,0.48627451062202454,0.324005126953125,0.0012858631414598598,1.0,0.392578125
Tr_glioma_Tr-gl_683,0,1,clipped,512.0,0.4712129235267639,0.0,0.6078431606292725,0.6078431606292725,0.23435592651367188,0.0020676501208268952,1.0,0.32421875
Tr_glioma_Tr-gl_692,0,1,clipped,512.0,0.5593296885490417,0.0,0.6235294342041016,0.6235294342041016,0.22989273071289062,0.0022857374098481263,1.0,0.248046875
Tr_glioma_Tr-gl_698,1,1,underexposed;clipped,512.0,0.5174223184585571,0.0,0.40784314274787903,0.40784314274787903,0.0386199951171875,0.0026654347463108104,1.0,0.125
Tr_glioma_Tr-gl_715,0,1,clipped,512.0,0.418989896774292,0.0,0.6235294342041016,0.6235294342041016,0.31244659423828125,0.0020023699603190204,1.0,0.275390625
Tr_glioma_Tr-gl_723,0,1,clipped,512.0,0.47827425599098206,0.0,0.7098039388656616,0.7098039388656616,0.22313690185546875,0.0021667576384813802,1.0,0.125
Tr_glioma_Tr-gl_735,0,1,clipped,512.0,0.6020556688308716,0.0,0.6274510025978088,0.6274510025978088,0.3135833740234375,0.0019536956853407604,1.0,0.271484375
Tr_glioma_Tr-gl_743,1,0,clipped,512.0,0.7674826383590698,0.0,0.6431372761726379,0.6431372761726379,0.02855682373046875,0.0030891937589061585,1.0,0.044921875
Tr_glioma_Tr-gl_758,1,1,clipped;unusual_framing,512.0,0.34541264176368713,0.0,0.5882353186607361,0.5882353186607361,0.2765693664550781,0.001841856343776743,1.0,0.419921875
Tr_glioma_Tr-gl_763,1,0,clipped,512.0,0.33607566356658936,0.0,0.6274510025978088,0.6274510025978088,0.04573822021484375,0.00225592169448591,1.0,0.138671875
Tr_glioma_Tr-gl_766,0,1,clipped,512.0,0.5716221332550049,0.0,0.5803921818733215,0.5803921818733215,0.22695541381835938,0.0023016889937986854,1.0,0.265625
Tr_glioma_Tr-gl_779,1,0,clipped,512.0,0.2611832916736603,0.0,0.6823529601097107,0.6823529601097107,0.040431976318359375,0.0022277562133709975,1.0,0.10546875
Tr_glioma_Tr-gl_784,0,2,underexposed;clipped,512.0,0.551476776599884,0.0,0.523803949952153,0.523803949952153,0.22635650634765625,0.0021512940864013763,1.0,0.26171875
Tr_glioma_Tr-gl_797,0,2,underexposed;clipped,512.0,0.21558602154254913,0.0,0.364705890417099,0.364705890417099,0.3084716796875,0.0018001995444984103,1.0,0.333984375
Tr_glioma_Tr-gl_798,1,1,underexposed;clipped,512.0,0.6814470291137695,0.0,0.5176470875740051,0.5176470875740051,0.026424407958984375,0.0030015778139233823,1.0,0.033203125
Tr_glioma_Tr-gl_799,1,0,clipped,512.0,0.3360983431339264,0.0,0.6078431606292725,0.6078431606292725,0.044994354248046875,0.0023277295315569874,1.0,0.091796875
Tr_glioma_Tr-gl_806,1,0,clipped,512.0,0.6600283980369568,0.0,0.6235294342041016,0.6235294342041016,0.026210784912109375,0.003024072008793401,1.0,0.044921875
Tr_glioma_Tr-gl_817,0,2,underexposed;clipped,512.0,0.8149169087409973,0.0,0.41960784792900085,0.41960784792900085,0.3470726013183594,0.0027479148008097225,1.0,0.314453125
Tr_glioma_Tr-gl_83,1,0,clipped,512.0,0.487796425819397,0.0,0.6784313917160034,0.6784313917160034,0.041622161865234375,0.0018708740761310967,1.0,0.216796875
Tr_glioma_Tr-gl_838,0,2,underexposed;clipped,512.0,0.8051198124885559,0.0,0.4431372582912445,0.4431372582912445,0.22863006591796875,0.0025744753396854327,1.0,0.27734375
Tr_glioma_Tr-gl_860,0,1,clipped,512.0,0.4068668484687805,0.0,0.6571372753382003,0.6571372753382003,0.23922348022460938,0.0017524850559586013,1.0,0.34375
Tr_glioma_Tr-gl_873,0,1,clipped,512.0,0.49433639645576477,0.0,0.572549045085907,0.572549045085907,0.239349365234375,0.002181235389406375,1.0,0.29296875
Tr_glioma_Tr-gl_878,0,1,clipped,512.0,0.44948089122772217,0.0,0.615686297416687,0.615686297416687,0.22782135009765625,0.002026547984818486,1.0,0.259765625
Tr_glioma_Tr-gl_887,0,2,underexposed;clipped,512.0,0.4436134397983551,0.0,0.48627451062202454,0.48627451062202454,0.25028228759765625,0.0023689828631108744,1.0,0.306640625
Tr_glioma_Tr-gl_898,1,0,clipped,512.0,0.42168888449668884,0.0,0.6823529601097107,0.6823529601097107,0.03960418701171875,0.002148498633414541,1.0,0.142578125
Tr_glioma_Tr-gl_906,1,0,clipped,512.0,0.3861345946788788,0.0,0.6666666865348816,0.6666666865348816,0.043712615966796875,0.0019915028179693394,1.0,0.232421875
Tr_glioma_Tr-gl_915,0,1,clipped,512.0,0.5746415257453918,0.0,0.6078431606292725,0.6078431606292725,0.3585243225097656,0.0018624509023652857,1.0,0.314453125
Tr_glioma_Tr-gl_917,1,0,clipped,512.0,0.3013559877872467,0.0,0.7490196228027344,0.7490196228027344,0.027286529541015625,0.0019891091091188496,1.0,0.16796875
Tr_glioma_Tr-gl_93,0,1,clipped,512.0,0.5256718397140503,0.0,0.6078431606292725,0.6078431606292725,0.22922897338867188,0.0021846536959537304,1.0,0.28125
Tr_glioma_Tr-gl_941,0,1,clipped,512.0,0.5321713089942932,0.0,0.6431372761726379,0.6431372761726379,0.2502326965332031,0.0019960210764509664,1.0,0.2734375
Tr_glioma_Tr-gl_95,1,0,clipped,512.0,0.44114160537719727,0.0,0.6627451181411743,0.6627451181411743,0.044422149658203125,0.002366790797424482,1.0,0.1171875
Tr_glioma_Tr-gl_959,1,0,clipped,512.0,0.4742627441883087,0.0,0.686274528503418,0.686274528503418,0.034793853759765625,0.0023312137265861315,1.0,0.0625
Tr_glioma_Tr-gl_960,0,1,clipped,512.0,0.6058037877082825,0.0,0.6313725709915161,0.6313725709915161,0.34154510498046875,0.0018878283363017812,1.0,0.287109375
Tr_glioma_Tr-gl_961,1,0,clipped,512.0,0.6508355140686035,0.0,0.6549019813537598,0.6549019813537598,0.040740966796875,0.0025113972178414717,1.0,0.078125
Tr_glioma_Tr-gl_968,1,0,clipped,512.0,0.4643428921699524,0.0,0.7058823704719543,0.7058823704719543,0.040386199951171875,0.0018708695532028885,1.0,0.26171875
Tr_glioma_Tr-gl_974,0,1,clipped,512.0,0.3760506808757782,0.0,0.7058823704719543,0.7058823704719543,0.22424697875976562,0.0020197103972736234,1.0,0.1953125
Tr_meningioma_Tr-aug-me_13,1,0,clipped,512.0,0.26186344027519226,0.0,0.7843137383460999,0.7843137383460999,0.039646148681640625,0.001905445667337927,1.0,0.16796875
Tr_meningioma_Tr-aug-me_15,1,0,clipped,512.0,0.25858616828918457,0.0,0.7607843279838562,0.7607843279838562,0.054473876953125,0.0019020169069068479,1.0,0.1171875
Tr_meningioma_Tr-aug-me_18,0,1,clipped,512.0,0.4713708460330963,0.0,0.7137255072593689,0.7137255072593689,0.1931915283203125,0.0022268047310824287,1.0,0.203125
Tr_meningioma_Tr-aug-me_34,0,1,clipped,512.0,0.28243595361709595,0.0,0.658823549747467,0.658823549747467,0.19946670532226562,0.0017261534355006987,1.0,0.28515625
Tr_meningioma_Tr-aug-me_51,1,1,clipped;unusual_framing,512.0,0.13375967741012573,0.0,0.7333333492279053,0.7333333492279053,0.5699005126953125,0.0010273036825264128,1.0,0.369140625
Tr_meningioma_Tr-aug-me_66,1,0,clipped,512.0,0.4412902295589447,0.0,0.6549019813537598,0.6549019813537598,0.053340911865234375,0.002181626978475304,1.0,0.125
Tr_meningioma_Tr-aug-me_71,0,1,clipped,512.0,0.37104567885398865,0.0,0.7215686440467834,0.7215686440467834,0.09042739868164062,0.0019511172363357108,1.0,0.1953125
Tr_meningioma_Tr-aug-me_74,1,0,clipped,512.0,0.43526747822761536,0.0,0.658823549747467,0.658823549747467,0.056613922119140625,0.0025035233744168687,1.0,0.060546875
Tr_meningioma_Tr-aug-me_77,1,0,clipped,512.0,0.22662070393562317,0.0,0.6980392336845398,0.6980392336845398,0.06290817260742188,0.001900968339653908,1.0,0.13671875
Tr_meningioma_Tr-aug-me_92,0,0,,512.0,0.627967119216919,0.0,0.615686297416687,0.615686297416687,0.013866424560546875,0.0028833257267011914,1.0,0.0
Tr_meningioma_Tr-aug-me_95,0,1,clipped,512.0,0.40209466218948364,0.0,0.5843137502670288,0.5843137502670288,0.16645050048828125,0.0022365999108775007,1.0,0.251953125
Tr_meningioma_Tr-me_1002,0,1,clipped,512.0,0.5044844150543213,0.0,0.686274528503418,0.686274528503418,0.16182708740234375,0.0020767188666327477,1.0,0.158203125
Tr_meningioma_Tr-me_1003,0,1,clipped,512.0,0.2516752779483795,0.0,0.6980392336845398,0.6980392336845398,0.1672515869140625,0.0017140451270489041,1.0,0.21875
Tr_meningioma_Tr-me_1005,1,0,clipped,512.0,0.7950701713562012,0.0,0.5529412031173706,0.5529412031173706,0.0203094482421875,0.0029731470759436977,1.0,0.0234375
Tr_meningioma_Tr-me_1014,0,1,low_resolution,212.0,0.15384867787361145,0.02373621240258217,0.9370615202188491,0.913325307816267,0.0018993154115879113,0.0003088470349279021,1.0660377358490567,0.0
Tr_meningioma_Tr-me_1023,1,1,clipped;unusual_framing,512.0,0.3839932680130005,0.0,0.615686297416687,0.615686297416687,0.18597412109375,0.0016902188976573068,1.0,0.369140625
Tr_meningioma_Tr-me_1027,0,1,clipped,512.0,0.5865941047668457,0.0,0.615686297416687,0.615686297416687,0.15967178344726562,0.002403134319081826,1.0,0.18359375
Tr_meningioma_Tr-me_1028,1,0,clipped,512.0,0.2782684564590454,0.0,0.7137255072593689,0.7137255072593689,0.02950286865234375,0.0018785779715864872,1.0,0.201171875
Tr_meningioma_Tr-me_1030,0,1,clipped,512.0,0.3536498248577118,0.0,0.6784313917160034,0.6784313917160034,0.16941452026367188,0.0018539301152636816,1.0,0.326171875
Tr_meningioma_Tr-me_1033,0,1,clipped,512.0,0.4110431969165802,0.0,0.6470588445663452,0.6470588445663452,0.30023956298828125,0.0020268920093793686,1.0,0.259765625
Tr_meningioma_Tr-me_1036,1,0,clipped,512.0,0.4941728115081787,0.0,0.6941176652908325,0.6941176652908325,0.02944183349609375,0.0022735831980724586,1.0,0.1328125
Tr_meningioma_Tr-me_1038,0,2,underexposed;clipped,512.0,0.30827879905700684,0.0,0.4901960790157318,0.4901960790157318,0.2830009460449219,0.0018603727711200536,1.0,0.3359375
Tr_meningioma_Tr-me_1045,1,0,clipped,512.0,0.5321539044380188,0.0,0.658823549747467,0.658823549747467,0.02471923828125,0.002278818550002595,1.0,0.13671875
Tr_meningioma_Tr-me_1047,0,1,clipped,512.0,0.2575913369655609,0.0,0.7529411911964417,0.7529411911964417,0.16867828369140625,0.0017900043199971477,1.0,0.12109375
Tr_meningioma_Tr-me_1049,0,1,clipped,512.0,0.1756368726491928,0.0,0.7254902124404907,0.7254902124404907,0.16861724853515625,0.001505812667234241,1.0,0.34765625
Tr_meningioma_Tr-me_1081,1,0,clipped,512.0,0.48254072666168213,0.0,0.7215686440467834,0.7215686440467834,0.02593231201171875,0.002198436273157388,1.0,0.158203125
Tr_meningioma_Tr-me_1084,1,1,clipped;unusual_framing,512.0,0.14057986438274384,0.0,0.6117647290229797,0.6117647290229797,0.25490570068359375,0.0011820773459762842,1.0,0.427734375
Tr_meningioma_Tr-me_1088,0,0,,512.0,0.5928415656089783,0.0,0.658823549747467,0.658823549747467,0.01399993896484375,0.0027637938529524696,1.0,0.0
Tr_meningioma_Tr-me_1089,1,0,clipped,512.0,0.1254497766494751,0.0,0.6509804129600525,0.6509804129600525,0.035785675048828125,0.001379354161145399,1.0,0.341796875
Tr_meningioma_Tr-me_1090,1,0,clipped,512.0,0.34084799885749817,0.0,0.7568627595901489,0.7568627595901489,0.032711029052734375,0.002385287658656248,1.0,0.068359375
Tr_meningioma_Tr-me_1094,1,0,clipped,512.0,0.2895253896713257,0.0,0.729411780834198,0.729411780834198,0.0205841064453125,0.0020487106597700507,1.0,0.052734375
Tr_meningioma_Tr-me_1102,0,1,clipped,512.0,0.3913358747959137,0.0,0.6980392336845398,0.6980392336845398,0.16048431396484375,0.001984725158374054,1.0,0.19921875
Tr_meningioma_Tr-me_1105,0,1,clipped,512.0,0.5126796960830688,0.0,0.6509804129600525,0.6509804129600525,0.2906303405761719,0.0024115668836992565,1.0,0.228515625
Tr_meningioma_Tr-me_111,0,1,clipped,512.0,0.2605387270450592,0.0,0.7019608020782471,0.7019608020782471,0.2541542053222656,0.0016718071032976159,1.0,0.234375
Tr_meningioma_Tr-me_1114,1,0,clipped,512.0,0.18959768116474152,0.0,0.772549033164978,0.772549033164978,0.0211181640625,0.0017912992416766677,1.0,0.154296875
Tr_meningioma_Tr-me_1138,1,0,clipped,512.0,0.17551904916763306,0.0,0.7803921699523926,0.7803921699523926,0.025707244873046875,0.0016733651145257942,1.0,0.1796875
Tr_meningioma_Tr-me_114,1,0,clipped,512.0,0.154396653175354,0.0,0.7411764860153198,0.7411764860153198,0.029449462890625,0.0013919680369711993,1.0,0.322265625
Tr_meningioma_Tr-me_1142,0,1,clipped,512.0,0.34539011120796204,0.0,0.6705882549285889,0.6705882549285889,0.17194366455078125,0.002125682150118745,1.0,0.1640625
Tr_meningioma_Tr-me_1151,1,0,clipped,512.0,0.1533939093351364,0.0,0.7372549176216125,0.7372549176216125,0.03308868408203125,0.0014047205277813116,1.0,0.322265625
Tr_meningioma_Tr-me_1156,0,0,,512.0,0.49618566036224365,0.0,0.6901960968971252,0.6901960968971252,0.016407012939453125,0.002571290627783489,1.0,0.03125
Tr_meningioma_Tr-me_1157,2,0,clipped;unusual_framing,512.0,0.14407135546207428,0.0,0.7686274647712708,0.7686274647712708,0.02898406982421875,0.0011287292154643382,1.0,0.416015625
Tr_meningioma_Tr-me_1169,1,1,clipped;unusual_framing,512.0,0.15655940771102905,0.0,0.6470588445663452,0.6470588445663452,0.2567253112792969,0.0013691890399635462,1.0,0.35546875
Tr_meningioma_Tr-me_1176,1,0,clipped,512.0,0.334692120552063,0.0,0.7568627595901489,0.7568627595901489,0.02095794677734375,0.0019457434300174244,1.0,0.15625
Tr_meningioma_Tr-me_1196,0,1,clipped,512.0,0.37809088826179504,0.0,0.6196078658103943,0.6196078658103943,0.16361236572265625,0.0019824213803580066,1.0,0.189453125
Tr_meningioma_Tr-me_1199,0,0,,512.0,0.32288578152656555,0.0,0.729411780834198,0.729411780834198,0.019687652587890625,0.0021799611676844043,1.0,0.109375
Tr_meningioma_Tr-me_120,0,1,clipped,512.0,0.46881672739982605,0.0,0.6392157077789307,0.6392157077789307,0.16292190551757812,0.002077027470888851,1.0,0.16015625
Tr_meningioma_Tr-me_1210,0,1,clipped,512.0,0.5452041029930115,0.0,0.658823549747467,0.658823549747467,0.278167724609375,0.0022717052108552852,1.0,0.2265625
Tr_meningioma_Tr-me_1211,1,0,clipped,512.0,0.4519988000392914,0.0,0.7098039388656616,0.7098039388656616,0.024059295654296875,0.0022199838773786997,1.0,0.111328125
Tr_meningioma_Tr-me_1234,1,0,clipped,512.0,0.1704293042421341,0.0,0.729411780834198,0.729411780834198,0.0293121337890625,0.0017966763313828087,1.0,0.185546875
Tr_meningioma_Tr-me_1250,1,0,clipped,512.0,0.48227229714393616,0.0,0.7137255072593689,0.7137255072593689,0.02986907958984375,0.0021101525247074616,1.0,0.166015625
Tr_meningioma_Tr-me_1259,1,0,clipped,512.0,0.43634316325187683,0.0,0.6549019813537598,0.6549019813537598,0.021877288818359375,0.0022715449924522956,1.0,0.126953125
Tr_meningioma_Tr-me_137,1,0,clipped,512.0,0.23211267590522766,0.0,0.7843137383460999,0.7843137383460999,0.020168304443359375,0.0018407563614159389,1.0,0.09765625
Tr_meningioma_Tr-me_140,1,0,clipped,512.0,0.3634321093559265,0.0,0.6980392336845398,0.6980392336845398,0.025012969970703125,0.0019802314196234825,1.0,0.203125
Tr_meningioma_Tr-me_143,1,0,clipped,512.0,0.25661760568618774,0.0,0.7411764860153198,0.7411764860153198,0.02408599853515625,0.001941218957235961,1.0,0.193359375
Tr_meningioma_Tr-me_15,1,0,clipped,512.0,0.5771663188934326,0.0,0.7686274647712708,0.7686274647712708,0.028705596923828125,0.0023866668468941524,1.0,0.060546875
Tr_meningioma_Tr-me_155,1,0,clipped,512.0,0.26974964141845703,0.0,0.8274509906768799,0.8274509906768799,0.0238494873046875,0.001802988590003703,1.0,0.11328125
Tr_meningioma_Tr-me_159,0,1,clipped,512.0,0.37866538763046265,0.0,0.7176470756530762,0.7176470756530762,0.2980308532714844,0.0017457676143606013,1.0,0.2265625
Tr_meningioma_Tr-me_163,0,1,clipped,512.0,0.21400462090969086,0.0,0.7372549176216125,0.7372549176216125,0.16624832153320312,0.001677611307610763,1.0,0.181640625
Tr_meningioma_Tr-me_173,1,0,clipped,512.0,0.2504825294017792,0.0,0.7019608020782471,0.7019608020782471,0.025852203369140625,0.0018935338629099065,1.0,0.125
Tr_meningioma_Tr-me_174,1,0,clipped,512.0,0.5681352019309998,0.0,0.6784313917160034,0.6784313917160034,0.027194976806640625,0.0021050723362461207,1.0,0.20703125
Tr_meningioma_Tr-me_183,0,1,clipped,512.0,0.20573152601718903,0.0,0.772549033164978,0.772549033164978,0.17384719848632812,0.0015897259459961158,1.0,0.205078125
Tr_meningioma_Tr-me_20,0,1,clipped,512.0,0.1124555841088295,0.0,0.7450980544090271,0.7450980544090271,0.1790008544921875,0.001085982558746977,1.0,0.228515625
Tr_meningioma_Tr-me_210,0,1,clipped,512.0,0.1458158642053604,0.0,0.7058823704719543,0.7058823704719543,0.2707061767578125,0.0012554827213161859,1.0,0.330078125
Tr_meningioma_Tr-me_232,0,0,,512.0,0.32991456985473633,0.0,0.772549033164978,0.772549033164978,0.017780303955078125,0.001979672554612761,1.0,0.12109375
Tr_meningioma_Tr-me_247,1,0,clipped,512.0,0.2590130567550659,0.0,0.7843137383460999,0.7843137383460999,0.02074432373046875,0.0020512078452323045,1.0,0.0625
Tr_meningioma_Tr-me_258,0,1,clipped,512.0,0.3485639989376068,0.0,0.6392157077789307,0.6392157077789307,0.162933349609375,0.0019210391633375937,1.0,0.142578125
Tr_meningioma_Tr-me_286,0,0,,512.0,0.3022613525390625,0.0,0.8117647171020508,0.8117647171020508,0.016887664794921875,0.0019746503314729464,1.0,0.1484375
Tr_meningioma_Tr-me_287,0,0,,512.0,0.31253519654273987,0.0,0.7254902124404907,0.7254902124404907,0.016887664794921875,0.00190486971782154,1.0,0.24609375
Tr_meningioma_Tr-me_295,1,0,clipped,512.0,0.42832037806510925,0.0,0.7490196228027344,0.7490196228027344,0.0311431884765625,0.0019114734139157568,1.0,0.2265625
Tr_meningioma_Tr-me_304,1,0,clipped,512.0,0.37768426537513733,0.0,0.6823529601097107,0.6823529601097107,0.025501251220703125,0.002350888494302408,1.0,0.083984375
Tr_meningioma_Tr-me_306,0,0,,512.0,0.27485042810440063,0.0,0.8117647171020508,0.8117647171020508,0.01943206787109375,0.0018886143619444187,1.0,0.087890625
Tr_meningioma_Tr-me_307,0,0,,512.0,0.8450915813446045,0.0,0.572549045085907,0.572549045085907,0.019336700439453125,0.0031347649937660503,1.0,0.021484375
Tr_meningioma_Tr-me_329,0,1,clipped,512.0,0.2946055233478546,0.0,0.6745098233222961,0.6745098233222961,0.2690162658691406,0.0018082493568901273,1.0,0.26171875
Tr_meningioma_Tr-me_335,0,1,clipped,512.0,0.33023250102996826,0.0,0.6509804129600525,0.6509804129600525,0.1644744873046875,0.0020848223292465975,1.0,0.169921875
Tr_meningioma_Tr-me_337,0,1,clipped,512.0,0.39668112993240356,0.0,0.615686297416687,0.615686297416687,0.28263092041015625,0.001993687506099905,1.0,0.287109375
Tr_meningioma_Tr-me_338,1,0,clipped,512.0,0.292725533246994,0.0,0.6901960968971252,0.6901960968971252,0.025787353515625,0.0019025932543691281,1.0,0.220703125
Tr_meningioma_Tr-me_349,1,0,clipped,512.0,0.5026336312294006,0.0,0.686274528503418,0.686274528503418,0.02910614013671875,0.002253877545951739,1.0,0.185546875
Tr_meningioma_Tr-me_359,1,0,clipped,512.0,0.29719698429107666,0.0,0.7882353067398071,0.7882353067398071,0.022731781005859375,0.0018544126666835657,1.0,0.13671875
Tr_meningioma_Tr-me_368,1,1,clipped;unusual_framing,512.0,0.14200477302074432,0.0,0.615686297416687,0.615686297416687,0.2513542175292969,0.0011699444381528044,1.0,0.427734375
Tr_meningioma_Tr-me_39,1,0,clipped,512.0,0.5084489583969116,0.0,0.7490196228027344,0.7490196228027344,0.025524139404296875,0.0022016567288591776,1.0,0.107421875
Tr_meningioma_Tr-me_397,0,1,clipped,512.0,0.2723768651485443,0.0,0.7568627595901489,0.7568627595901489,0.16382980346679688,0.0016656829066346004,1.0,0.341796875
Tr_meningioma_Tr-me_411,0,1,clipped,512.0,0.2430168092250824,0.0,0.7333333492279053,0.7333333492279053,0.2572288513183594,0.001666595108356833,1.0,0.283203125
Tr_meningioma_Tr-me_423,0,1,clipped,512.0,0.15130209922790527,0.0,0.7921568751335144,0.7921568751335144,0.2143096923828125,0.0014184772400268127,1.0,0.1953125
Tr_meningioma_Tr-me_426,0,1,clipped,512.0,0.454331636428833,0.0,0.6431372761726379,0.6431372761726379,0.165435791015625,0.0021198056636581052,1.0,0.28515625
Tr_meningioma_Tr-me_430,1,0,clipped,512.0,0.20054414868354797,0.0,0.729411780834198,0.729411780834198,0.02585601806640625,0.0015446420029955666,1.0,0.306640625
Tr_meningioma_Tr-me_439,1,0,clipped,512.0,0.1837790310382843,0.0,0.8392156958580017,0.8392156958580017,0.027790069580078125,0.0016273237466709238,1.0,0.185546875
Tr_meningioma_Tr-me_451,0,1,clipped,512.0,0.4089038074016571,0.0,0.6901960968971252,0.6901960968971252,0.2618904113769531,0.001995579287157516,1.0,0.263671875
Tr_meningioma_Tr-me_456,0,1,clipped,512.0,0.5404484868049622,0.0,0.5803921818733215,0.5803921818733215,0.1678924560546875,0.002627735555242937,1.0,0.1328125
Tr_meningioma_Tr-me_457,1,0,clipped,512.0,0.30795818567276,0.0,0.6901960968971252,0.6901960968971252,0.02532958984375,0.0020147530561501507,1.0,0.12890625
Tr_meningioma_Tr-me_459,1,0,clipped,512.0,0.17193320393562317,0.0,0.7333333492279053,0.7333333492279053,0.02617645263671875,0.0017757393176418806,1.0,0.185546875
Tr_meningioma_Tr-me_492,1,0,clipped,512.0,0.46942487359046936,0.0,0.7019608020782471,0.7019608020782471,0.025005340576171875,0.0021922684117029415,1.0,0.224609375
Tr_meningioma_Tr-me_519,1,0,clipped,512.0,0.12953811883926392,0.0,0.7058823704719543,0.7058823704719543,0.027919769287109375,0.0013342041115075927,1.0,0.27734375
Tr_meningioma_Tr-me_521,1,0,clipped,512.0,0.30228859186172485,0.0,0.7333333492279053,0.7333333492279053,0.030376434326171875,0.0019198158928423836,1.0,0.228515625
Tr_meningioma_Tr-me_558,0,1,clipped,512.0,0.3293209969997406,0.0,0.6509804129600525,0.6509804129600525,0.16687774658203125,0.0020945658239069375,1.0,0.2578125
Tr_meningioma_Tr-me_56,0,1,clipped,512.0,0.4125218987464905,0.0,0.6392157077789307,0.6392157077789307,0.163177490234375,0.0021259719858914587,1.0,0.158203125
Tr_meningioma_Tr-me_562,1,0,clipped,512.0,0.2140970230102539,0.0,0.7921568751335144,0.7921568751335144,0.026088714599609375,0.001781405855108773,1.0,0.15625
Tr_meningioma_Tr-me_565,1,0,clipped,512.0,0.36493900418281555,0.0,0.7490196228027344,0.7490196228027344,0.026607513427734375,0.001701583123691464,1.0,0.224609375
Tr_meningioma_Tr-me_57,0,1,clipped,512.0,0.30021336674690247,0.0,0.7176470756530762,0.7176470756530762,0.16269683837890625,0.0017489712812913845,1.0,0.30859375
Tr_meningioma_Tr-me_577,1,0,clipped,512.0,0.3362255096435547,0.0,0.7411764860153198,0.7411764860153198,0.020938873291015625,0.001993025129200936,1.0,0.146484375
Tr_meningioma_Tr-me_579,1,0,clipped,512.0,0.1583019345998764,0.0,0.6941176652908325,0.6941176652908325,0.03571319580078125,0.0017886120921394063,1.0,0.240234375
Tr_meningioma_Tr-me_588,1,0,clipped,512.0,0.3082730174064636,0.0,0.7882353067398071,0.7882353067398071,0.029445648193359375,0.0017501536353994966,1.0,0.125
Tr_meningioma_Tr-me_605,1,0,clipped,512.0,0.7468817830085754,0.0,0.7098039388656616,0.7098039388656616,0.020122528076171875,0.0026980711792845384,1.0,0.09375
Tr_meningioma_Tr-me_608,1,0,clipped,512.0,0.16839034855365753,0.0,0.7764706015586853,0.7764706015586853,0.027912139892578125,0.0014439779439330486,1.0,0.25390625
Tr_meningioma_Tr-me_629,0,1,clipped,512.0,0.3007364273071289,0.0,0.7137255072593689,0.7137255072593689,0.17109298706054688,0.0017773258288830837,1.0,0.3359375
Tr_meningioma_Tr-me_656,0,0,,512.0,0.45819291472435,0.0,0.6627451181411743,0.6627451181411743,0.017181396484375,0.002521612736627528,1.0,0.03515625
Tr_meningioma_Tr-me_671,1,0,clipped,512.0,0.22218802571296692,0.0,0.6392157077789307,0.6392157077789307,0.02469635009765625,0.0020245058319573574,1.0,0.15625
Tr_meningioma_Tr-me_674,0,0,,512.0,0.5851526856422424,0.0,0.6470588445663452,0.6470588445663452,0.0189666748046875,0.002727261356274745,1.0,0.0703125
Tr_meningioma_Tr-me_7,0,0,,512.0,0.4537132680416107,0.0,0.7137255072593689,0.7137255072593689,0.01988983154296875,0.002197698888202,1.0,0.11328125
Tr_meningioma_Tr-me_710,0,1,clipped,512.0,0.39684581756591797,0.0,0.6117647290229797,0.6117647290229797,0.28899383544921875,0.0020150546287940434,1.0,0.287109375
Tr_meningioma_Tr-me_733,1,0,clipped,512.0,0.4304339289665222,0.0,0.7529411911964417,0.7529411911964417,0.02752685546875,0.0019027057861795273,1.0,0.2265625
Tr_meningioma_Tr-me_755,0,1,clipped,512.0,0.1979217529296875,0.0,0.7764706015586853,0.7764706015586853,0.16939926147460938,0.0014748807109936988,1.0,0.158203125
Tr_meningioma_Tr-me_777,0,1,clipped,512.0,0.28685346245765686,0.0,0.729411780834198,0.729411780834198,0.19002532958984375,0.0020897723417644004,1.0,0.14453125
Tr_meningioma_Tr-me_781,1,0,clipped,512.0,0.3800102770328522,0.0,0.7490196228027344,0.7490196228027344,0.0206756591796875,0.0021115415451718753,1.0,0.125
Tr_meningioma_Tr-me_785,1,0,clipped,512.0,0.2344958633184433,0.0,0.7843137383460999,0.7843137383460999,0.026363372802734375,0.0018272240295839296,1.0,0.142578125
Tr_meningioma_Tr-me_787,1,1,clipped;unusual_framing,512.0,0.12487135827541351,0.0,0.7372549176216125,0.7372549176216125,0.17068099975585938,0.001300403338593242,1.0,0.373046875
Tr_meningioma_Tr-me_792,1,0,clipped,512.0,0.4888279438018799,0.0,0.7019608020782471,0.7019608020782471,0.027256011962890625,0.0023027456373947916,1.0,0.09375
Tr_meningioma_Tr-me_8,1,0,clipped,512.0,0.24916914105415344,0.0,0.6941176652908325,0.6941176652908325,0.0230712890625,0.0019984973483098134,1.0,0.234375
Tr_meningioma_Tr-me_811,1,1,low_resolution;clipped,264.0,0.14467529952526093,0.0,0.9401315212249755,0.9401315212249755,0.2928751803751804,0.0006126089026366798,1.5909090909090908,0.341796875
Tr_meningioma_Tr-me_828,1,0,clipped,512.0,0.5385324358940125,0.0,0.6392157077789307,0.6392157077789307,0.03340911865234375,0.0023775436091130467,1.0,0.150390625
Tr_meningioma_Tr-me_830,1,0,clipped,512.0,0.2879374921321869,0.0,0.686274528503418,0.686274528503418,0.0321502685546875,0.0019248829367110325,1.0,0.142578125
Tr_meningioma_Tr-me_834,0,1,clipped,512.0,0.40541645884513855,0.0,0.729411780834198,0.729411780834198,0.16225814819335938,0.0018715026094752172,1.0,0.2890625
Tr_meningioma_Tr-me_84,1,1,underexposed;clipped,512.0,0.6949052810668945,0.0,0.4470588266849518,0.4470588266849518,0.02657318115234375,0.002988171563855028,1.0,0.08203125
Tr_meningioma_Tr-me_850,0,1,clipped,512.0,0.39632150530815125,0.0,0.7921568751335144,0.7921568751335144,0.08259201049804688,0.0022394735845857154,1.0,0.060546875
Tr_meningioma_Tr-me_879,1,0,clipped,512.0,0.3158816397190094,0.0,0.7686274647712708,0.7686274647712708,0.02490997314453125,0.0019073323518355566,1.0,0.236328125
Tr_meningioma_Tr-me_91,0,1,clipped,512.0,0.5616064667701721,0.0,0.7215686440467834,0.7215686440467834,0.16884994506835938,0.002374672407171511,1.0,0.130859375
Tr_meningioma_Tr-me_926,0,0,,512.0,0.5954484939575195,0.0,0.658823549747467,0.658823549747467,0.0128021240234375,0.002766432413109781,1.0,0.0
Tr_meningioma_Tr-me_936,1,0,low_resolution,314.0,0.07549632340669632,0.03529411926865578,0.9706008225679398,0.935306703299284,0.0013067972818616538,0.00038998653622005126,1.0477707006369428,0.10546875
Tr_meningioma_Tr-me_941,1,0,clipped,512.0,0.20198354125022888,0.0,0.7019608020782471,0.7019608020782471,0.024517059326171875,0.0018032190493268484,1.0,0.25390625
Tr_meningioma_Tr-me_943,0,0,,512.0,0.3894408941268921,0.0,0.729411780834198,0.729411780834198,0.01738739013671875,0.002006319473536,1.0,0.126953125
Tr_meningioma_Tr-me_974,1,0,clipped,512.0,0.6361555457115173,0.0,0.729411780834198,0.729411780834198,0.030986785888671875,0.002482150546227107,1.0,0.087890625
Tr_meningioma_Tr-me_990,0,1,clipped,512.0,0.28467413783073425,0.0,0.7529411911964417,0.7529411911964417,0.162994384765625,0.0018277667782474459,1.0,0.1640625
Tr_notumor_Tr-no_1015,0,0,,393.0,0.1951167732477188,0.03383023291826248,0.9684325158596039,0.9346022829413414,0.002251908396946565,0.0007278762504382355,0.9825,0.24055666003976142
Tr_notumor_Tr-no_1054,1,0,clipped,393.0,0.20321080088615417,0.060842789709568024,1.0,0.939157210290432,0.03227735368956743,0.0012294657984342633,0.9825,0.23061630218687873
Tr_notumor_Tr-no_1090,0,1,clipped,453.0,0.08479668945074081,0.0,0.6704291552305222,0.6704291552305222,0.2696272164067507,0.0006806626109724698,0.9133064516129032,0.07421875
Tr_notumor_Tr-no_1109,0,0,,494.0,0.2936447858810425,0.11775116227567196,0.7837335574626922,0.6659823951870203,0.0,0.001474977984640084,0.8233333333333334,0.011848341232227487
Tr_notumor_Tr-no_1129,0,1,clipped,693.0,1.0179922580718994,0.0,0.9409869968891145,0.9409869968891145,0.515174963924964,0.0040104370961644075,1.1544011544011543,0.0
Tr_notumor_Tr-no_1177,0,2,low_resolution;clipped,200.0,2.4910924434661865,0.0,0.9874284058809281,0.9874284058809281,0.10936507936507936,0.0022235521526934804,0.7936507936507936,0.0
Tr_notumor_Tr-no_1179,0,1,clipped,724.0,0.47672709822654724,0.0,0.6375992941856384,0.6375992941856384,0.43664100083749374,0.0009659800431102921,0.8507638072855465,0.16743119266055045
Tr_notumor_Tr-no_1194,1,2,low_resolution;clipped;unusual_framing,218.0,0.3027099668979645,0.0,0.7672767043113708,0.7672767043113708,0.5355504587155964,0.0004891330889843204,1.0825688073394495,0.375
Tr_notumor_Tr-no_1308,0,2,low_resolution;clipped,150.0,1.9286222457885742,0.0012125602865125985,0.9719592809677126,0.9707467206811999,0.10208754208754209,0.0010541357044759286,0.7575757575757576,0.0
Tr_notumor_Tr-no_1335,1,1,low_resolution;clipped,339.0,2.6521859169006348,0.0,0.730829414129257,0.730829414129257,0.2566718722887385,0.001931754315266274,0.9970588235294118,0.017578125
Tr_notumor_Tr-no_1342,1,1,low_resolution;clipped,225.0,0.3392806351184845,0.0,0.8163829177618027,0.8163829177618027,0.2846222222222222,0.0005192299353634262,1.0,0.12109375
Tr_notumor_Tr-no_1354,1,0,low_resolution,225.0,0.2845819890499115,0.003921568859368563,0.9743260592222216,0.970404490362853,0.016158024691358026,0.0005262415331436773,1.0,0.0
Tr_notumor_Tr-no_150,1,2,blurred;underexposed;clipped,502.0,0.047119613736867905,0.0,0.5388627493381498,0.5388627493381498,0.24533445166701615,0.0006560959649306832,0.9785575048732943,0.10179640718562874
Tr_notumor_Tr-no_20,1,0,low_resolution,225.0,0.4236453175544739,0.003921568859368563,0.9501927250623704,0.9462711562030018,0.017323456790123457,0.0006727989518598243,1.0,0.0
Tr_notumor_Tr-no_209,0,1,clipped,444.0,0.8180891275405884,0.0,1.0,1.0,0.4799029799029799,0.0028066941082253447,1.054054054054054,0.294921875
Tr_notumor_Tr-no_240,0,1,low_resolution,222.0,0.601597249507904,0.0047345771454274654,0.6614668965339661,0.6567323193885386,0.012834262834262835,0.0009225768251243577,0.8809523809523809,0.115234375
Tr_notumor_Tr-no_257,0,0,,439.0,1.0184297561645508,0.01568627543747425,0.5843137502670288,0.5686274748295546,0.00031143223234624147,0.0032868063407538134,0.857421875,0.001953125
Tr_notumor_Tr-no_282,1,0,clipped,550.0,0.5545011758804321,0.0,0.9412807893753055,0.9412807893753055,0.029978094194961665,0.0014712195484244551,0.8283132530120482,0.2358490566037736
Tr_notumor_Tr-no_298,1,2,low_resolution;underexposed;clipped,253.0,0.6442956924438477,0.0,0.5232931095361709,0.5232931095361709,0.21643870674211618,0.0011240773572142818,1.098814229249012,0.21875
Tr_notumor_Tr-no_457,0,2,low_resolution;clipped,201.0,0.314381867647171,0.0,0.7454983675479889,0.7454983675479889,0.29608314360401383,0.00040079036686031523,1.1741293532338308,0.126953125
Tr_notumor_Tr-no_485,1,1,low_resolution;clipped,218.0,1.2962608337402344,0.000861736686783843,0.9614914953708648,0.960629758684081,0.07621430557210374,0.0011954924700559434,0.9437229437229437,0.08281573498964803
Tr_notumor_Tr-no_537,2,0,low_resolution;clipped,236.0,0.1327248066663742,0.0032780841225758194,1.0,0.9967219158774242,0.04472493536340132,0.0004097720535900076,1.0,0.30859375
Tr_notumor_Tr-no_539,0,3,low_resolution;underexposed;clipped,212.0,0.24074481427669525,0.0,0.5001503396034239,0.5001503396034239,0.10459306044131755,0.0005896736046257328,0.8983050847457628,0.0
Tr_notumor_Tr-no_562,0,2,underexposed;clipped,434.0,0.11035867035388947,0.0,0.40392157435417175,0.40392157435417175,0.09823678715437788,0.0025813211758393094,0.84765625,0.072265625
Tr_notumor_Tr-no_58,1,0,low_resolution,332.0,0.3530706763267517,0.010323767019435763,0.7575503617525097,0.747226594733074,0.0015060240963855422,0.0011760663926944125,0.751131221719457,0.078125
Tr_notumor_Tr-no_602,1,0,low_resolution,225.0,0.137992724776268,0.01568627543747425,0.7604949849843982,0.7448087095469239,0.0019753086419753087,0.0002381734147437758,1.0,0.15625
Tr_notumor_Tr-no_688,2,0,low_resolution;clipped,225.0,3.726177930831909,0.006845593377947806,0.9889956694841385,0.9821500761061908,0.06512592592592592,0.0025821984337613155,1.0,0.28125
Tr_notumor_Tr-no_737,0,1,clipped,519.0,0.813279926776886,0.0,0.9388214588165285,0.9388214588165285,0.52121387283237,0.0030078646924459216,1.1560693641618498,0.154296875
Tr_notumor_Tr-no_766,0,1,clipped,562.0,0.3687538802623749,0.0,0.9975326204299927,0.9975326204299927,0.3583064826392229,0.002550741609332693,0.9493243243243243,0.18930041152263374
Tr_notumor_Tr-no_77,1,1,low_resolution;clipped,236.0,0.2808080315589905,0.0,0.7263445246219635,0.7263445246219635,0.09242764902571197,0.0009320153726563513,0.8027210884353742,0.125
Tr_notumor_Tr-no_857,1,1,low_resolution;clipped,236.0,0.1035773903131485,0.0,1.0,1.0,0.481147658718759,0.0003540057618242964,1.0,0.279296875
Tr_notumor_Tr-no_880,0,0,,605.0,0.12714701890945435,0.021615481935441494,0.701328166127205,0.6797126841917636,5.392797918380003e-06,0.0010128702401684282,0.9869494290375204,0.22772277227722773
Tr_notumor_Tr-no_900,1,0,low_resolution,235.0,0.4683997929096222,0.003921568859368563,0.991314215660095,0.9873926468007265,0.017098087410707428,0.00036260479829335366,0.8483754512635379,0.0
Tr_notumor_Tr-no_942,0,2,low_resolution;clipped,194.0,2.181739330291748,0.0,0.9923903036117554,0.9923903036117554,0.1341997372925208,0.0026499412033162834,0.749034749034749,0.0
Tr_pituitary_Tr-pi_1005,0,0,,512.0,1.0047550201416016,0.0,0.6235294342041016,0.6235294342041016,0.01459503173828125,0.003287922497839744,1.0,0.021484375
Tr_pituitary_Tr-pi_1009,0,1,clipped,512.0,0.6427358984947205,0.0,0.5843137502670288,0.5843137502670288,0.086639404296875,0.0029394668659170615,1.0,0.056640625
Tr_pituitary_Tr-pi_1016,0,1,clipped,512.0,0.5597153902053833,0.0,0.6980392336845398,0.6980392336845398,0.08258438110351562,0.002766283330734928,1.0,0.03125
Tr_pituitary_Tr-pi_1017,0,1,clipped,512.0,0.5385528802871704,0.0,0.7215686440467834,0.7215686440467834,0.08662796020507812,0.0025289808196787256,1.0,0.08203125
Tr_pituitary_Tr-pi_1025,0,1,clipped,512.0,0.3491595983505249,0.0,0.6784313917160034,0.6784313917160034,0.2767066955566406,0.0020098888868329626,1.0,0.23046875
Tr_pituitary_Tr-pi_1026,0,1,clipped,512.0,0.5301612019538879,0.0,0.6274510025978088,0.6274510025978088,0.08165359497070312,0.0026464277180686265,1.0,0.09765625
Tr_pituitary_Tr-pi_1031,0,1,clipped,512.0,0.4212002158164978,0.0,0.6666666865348816,0.6666666865348816,0.08396148681640625,0.0025063262148424257,1.0,0.07421875
Tr_pituitary_Tr-pi_1042,0,0,,512.0,0.3709559738636017,0.0,0.7686274647712708,0.7686274647712708,0.013744354248046875,0.0024302555109334567,1.0,0.052734375
Tr_pituitary_Tr-pi_1045,0,1,clipped,512.0,0.6102930903434753,0.0,0.5843137502670288,0.5843137502670288,0.08547210693359375,0.0032088012113529437,1.0,0.048828125
Tr_pituitary_Tr-pi_1059,0,1,clipped,512.0,0.4607003629207611,0.0,0.7764706015586853,0.7764706015586853,0.08017730712890625,0.0027899534036476157,1.0,0.08203125
Tr_pituitary_Tr-pi_1061,0,0,,512.0,0.48892083764076233,0.0,0.6901960968971252,0.6901960968971252,0.011943817138671875,0.002559280709542114,1.0,0.064453125
Tr_pituitary_Tr-pi_1062,1,1,underexposed;clipped,512.0,0.9365957379341125,0.0,0.48235294222831726,0.48235294222831726,0.022212982177734375,0.003910041140995759,1.0,0.091796875
Tr_pituitary_Tr-pi_1070,1,0,clipped,512.0,0.8665592670440674,0.0,0.5882353186607361,0.5882353186607361,0.022686004638671875,0.003645233588459697,1.0,0.033203125
Tr_pituitary_Tr-pi_1072,0,0,,512.0,0.3595147430896759,0.0,0.7568627595901489,0.7568627595901489,0.0132598876953125,0.0023954449291269104,1.0,0.056640625
Tr_pituitary_Tr-pi_1083,1,0,low_resolution,256.0,0.29879382252693176,0.0026960785035043955,0.5629901885986328,0.5602941100951284,0.015106201171875,0.0008132079031001551,1.0,0.037109375
Tr_pituitary_Tr-pi_110,1,0,clipped,512.0,0.7374434471130371,0.0,0.658823549747467,0.658823549747467,0.07940292358398438,0.0032461494936211885,1.0,0.013671875
Tr_pituitary_Tr-pi_1106,0,1,clipped,512.0,0.5554670691490173,0.0,0.686274528503418,0.686274528503418,0.2742958068847656,0.002323274404395991,1.0,0.220703125
Tr_pituitary_Tr-pi_1122,0,0,,1304.0,3.2093100547790527,0.0030012603383511305,0.8131794750690461,0.810178214730695,0.01264420387539318,0.001992265552488403,1.0260736196319018,0.001953125
Tr_pituitary_Tr-pi_1123,0,1,clipped,512.0,0.9112639427185059,0.0,0.7176470756530762,0.7176470756530762,0.0930023193359375,0.003153084182796002,1.0,0.03125
Tr_pituitary_Tr-pi_1127,0,0,,512.0,0.49296873807907104,0.0,0.6705882549285889,0.6705882549285889,0.01523590087890625,0.0027388074242988224,1.0,0.0
Tr_pituitary_Tr-pi_1129,0,0,,512.0,0.3653392195701599,0.0,0.800000011920929,0.800000011920929,0.017467498779296875,0.002044332396092009,1.0,0.029296875
Tr_pituitary_Tr-pi_1137,0,1,clipped,512.0,0.6066233515739441,0.0,0.6313725709915161,0.6313725709915161,0.274261474609375,0.002837359230125249,1.0,0.22265625
Tr_pituitary_Tr-pi_1138,0,0,,512.0,0.3100409209728241,0.0,0.7647058963775635,0.7647058963775635,0.01947021484375,0.0020874364145339955,1.0,0.1171875
Tr_pituitary_Tr-pi_1146,0,1,clipped,512.0,0.5731689929962158,0.0,0.5803921818733215,0.5803921818733215,0.08433914184570312,0.0025068258190116717,1.0,0.146484375
Tr_pituitary_Tr-pi_1150,0,0,,512.0,0.47762343287467957,0.0,0.6274510025978088,0.6274510025978088,0.01647186279296875,0.0029154153690116053,1.0,0.03125
Tr_pituitary_Tr-pi_1164,0,0,,512.0,0.41655826568603516,0.0,0.7098039388656616,0.7098039388656616,0.014801025390625,0.002516047571589736,1.0,0.03125
Tr_pituitary_Tr-pi_1166,0,1,clipped,512.0,0.5377652049064636,0.0,0.7176470756530762,0.7176470756530762,0.08909225463867188,0.0025567912250003518,1.0,0.08203125
Tr_pituitary_Tr-pi_1179,0,0,,512.0,0.36670243740081787,0.0,0.7607843279838562,0.7607843279838562,0.014270782470703125,0.0024636886572020765,1.0,0.0625
Tr_pituitary_Tr-pi_1212,0,1,clipped,512.0,0.5159029960632324,0.0,0.6313725709915161,0.6313725709915161,0.08270645141601562,0.0027727322980896783,1.0,0.08203125
Tr_pituitary_Tr-pi_1230,0,0,,512.0,0.7865374684333801,0.0,0.7098039388656616,0.7098039388656616,0.011661529541015625,0.0028259366880233243,1.0,0.021484375
Tr_pituitary_Tr-pi_1231,0,1,clipped,512.0,0.7511580586433411,0.0,0.5607843399047852,0.5607843399047852,0.08124160766601562,0.0035945021304278272,1.0,0.052734375
Tr_pituitary_Tr-pi_1239,0,1,clipped,512.0,0.4150257408618927,0.0,0.7568627595901489,0.7568627595901489,0.09087371826171875,0.0024332280375496227,1.0,0.0703125
Tr_pituitary_Tr-pi_1246,0,0,,512.0,0.42119014263153076,0.0,0.7254902124404907,0.7254902124404907,0.0124969482421875,0.0024961275474519383,1.0,0.0234375
Tr_pituitary_Tr-pi_1261,0,0,,512.0,0.49694958329200745,0.0,0.6549019813537598,0.6549019813537598,0.0162506103515625,0.0028973167797621915,1.0,0.0234375
Tr_pituitary_Tr-pi_1272,0,1,clipped,512.0,0.6525567770004272,0.0,0.729411780834198,0.729411780834198,0.08221435546875,0.00288663541091058,1.0,0.046875
Tr_pituitary_Tr-pi_1285,0,0,,512.0,0.5054936408996582,0.0,0.6823529601097107,0.6823529601097107,0.0112457275390625,0.0026256680272058654,1.0,0.0
Tr_pituitary_Tr-pi_1289,0,0,,512.0,0.5323894619941711,0.0,0.6901960968971252,0.6901960968971252,0.015132904052734375,0.0027327681644116033,1.0,0.001953125
Tr_pituitary_Tr-pi_1298,0,0,,512.0,0.38015270233154297,0.0,0.7960784435272217,0.7960784435272217,0.018718719482421875,0.0019042000696488004,1.0,0.0625
Tr_pituitary_Tr-pi_1340,0,1,clipped,512.0,0.6858153939247131,0.0,0.6705882549285889,0.6705882549285889,0.28743743896484375,0.0025699783356241124,1.0,0.2265625
Tr_pituitary_Tr-pi_1350,0,0,,512.0,0.6700617074966431,0.0,0.7333333492279053,0.7333333492279053,0.013599395751953125,0.0027129973130205994,1.0,0.001953125
Tr_pituitary_Tr-pi_1360,0,0,,512.0,0.900793194770813,0.0,0.6627451181411743,0.6627451181411743,0.0142669677734375,0.00303628435861505,1.0,0.01953125
Tr_pituitary_Tr-pi_1361,0,1,clipped,512.0,0.7873184680938721,0.0,0.6274510025978088,0.6274510025978088,0.08635711669921875,0.003156013484746389,1.0,0.033203125
Tr_pituitary_Tr-pi_1363,0,1,clipped,512.0,0.6597052812576294,0.0,0.7333333492279053,0.7333333492279053,0.0848388671875,0.0027927102216407256,1.0,0.0859375
Tr_pituitary_Tr-pi_1382,0,1,clipped,512.0,0.6582608222961426,0.0,0.6313725709915161,0.6313725709915161,0.0838470458984375,0.002583979354287467,1.0,0.072265625
Tr_pituitary_Tr-pi_155,1,0,clipped,512.0,0.3942658007144928,0.0,0.7176470756530762,0.7176470756530762,0.07165145874023438,0.002496510595265219,1.0,0.0859375
Tr_pituitary_Tr-pi_159,0,1,clipped,512.0,0.7452952265739441,0.0,0.572549045085907,0.572549045085907,0.21091842651367188,0.0029660818889932893,1.0,0.1953125
Tr_pituitary_Tr-pi_167,0,1,clipped,512.0,0.703825831413269,0.0,0.6784313917160034,0.6784313917160034,0.08026885986328125,0.0029182157031118735,1.0,0.06640625
Tr_pituitary_Tr-pi_233,0,1,clipped,512.0,0.6622663140296936,0.0,0.6627451181411743,0.6627451181411743,0.08650588989257812,0.002962451614653209,1.0,0.0625
Tr_pituitary_Tr-pi_235,0,0,,512.0,0.5409106016159058,0.0,0.615686297416687,0.615686297416687,0.012088775634765625,0.002838776334928006,1.0,0.0
Tr_pituitary_Tr-pi_245,0,2,underexposed;clipped,512.0,0.9163017272949219,0.0,0.545098066329956,0.545098066329956,0.08942794799804688,0.0033752289166822554,1.0,0.1015625
Tr_pituitary_Tr-pi_28,0,1,clipped,512.0,0.660239577293396,0.0,0.6549019813537598,0.6549019813537598,0.08294296264648438,0.0028723389715172285,1.0,0.060546875
Tr_pituitary_Tr-pi_283,0,1,clipped,512.0,0.8531731367111206,0.0,0.6549019813537598,0.6549019813537598,0.09581375122070312,0.003170437421881522,1.0,0.033203125
Tr_pituitary_Tr-pi_293,0,0,,512.0,0.5530785322189331,0.0,0.7019608020782471,0.7019608020782471,0.01902008056640625,0.002848430281161651,1.0,0.01953125
Tr_pituitary_Tr-pi_298,0,1,clipped,512.0,0.638860821723938,0.0,0.5529412031173706,0.5529412031173706,0.2762413024902344,0.002927046162184044,1.0,0.228515625
Tr_pituitary_Tr-pi_302,0,0,,512.0,0.4948098957538605,0.0,0.7176470756530762,0.7176470756530762,0.013813018798828125,0.0026669863297130035,1.0,0.0
Tr_pituitary_Tr-pi_31,1,0,clipped,512.0,1.063637375831604,0.0,0.5529412031173706,0.5529412031173706,0.021686553955078125,0.0038491903176825107,1.0,0.017578125
Tr_pituitary_Tr-pi_318,0,0,,512.0,0.6286983489990234,0.0,0.6274510025978088,0.6274510025978088,0.0151519775390625,0.0031220420377548993,1.0,0.04296875
Tr_pituitary_Tr-pi_322,1,0,clipped,512.0,0.3501189351081848,0.0,0.7137255072593689,0.7137255072593689,0.02291107177734375,0.002189544345844364,1.0,0.005859375
Tr_pituitary_Tr-pi_35,0,0,,512.0,0.6102835536003113,0.0,0.6784313917160034,0.6784313917160034,0.015838623046875,0.002947776959917299,1.0,0.05078125
Tr_pituitary_Tr-pi_363,0,0,,512.0,0.5044755339622498,0.0,0.7215686440467834,0.7215686440467834,0.01404571533203125,0.002721322680094462,1.0,0.0
Tr_pituitary_Tr-pi_370,1,0,clipped,512.0,0.21843376755714417,0.0,0.8078431487083435,0.8078431487083435,0.02053070068359375,0.0018090517002768791,1.0,0.076171875
Tr_pituitary_Tr-pi_378,0,0,,512.0,0.6366513967514038,0.0,0.7019608020782471,0.7019608020782471,0.011394500732421875,0.0026698692669217343,1.0,0.078125
Tr_pituitary_Tr-pi_390,1,0,clipped,512.0,0.5167001485824585,0.0,0.6549019813537598,0.6549019813537598,0.0778350830078125,0.0029741066996298504,1.0,0.041015625
Tr_pituitary_Tr-pi_402,0,0,,512.0,0.5540152192115784,0.0,0.7921568751335144,0.7921568751335144,0.013149261474609375,0.002446617317276428,1.0,0.0
Tr_pituitary_Tr-pi_409,0,0,,512.0,0.7587165832519531,0.0,0.6901960968971252,0.6901960968971252,0.012481689453125,0.00288558476513265,1.0,0.0
Tr_pituitary_Tr-pi_421,0,0,,512.0,0.5280236601829529,0.0,0.7450980544090271,0.7450980544090271,0.01444244384765625,0.002609678503350127,1.0,0.00390625
Tr_pituitary_Tr-pi_426,0,1,clipped,512.0,0.5755218267440796,0.0,0.6117647290229797,0.6117647290229797,0.08263015747070312,0.002509855507574048,1.0,0.150390625
Tr_pituitary_Tr-pi_432,0,0,,512.0,0.35723963379859924,0.0,0.7568627595901489,0.7568627595901489,0.0137939453125,0.0024044330863420933,1.0,0.056640625
Tr_pituitary_Tr-pi_439,0,1,clipped,512.0,0.376522034406662,0.0,0.7058823704719543,0.7058823704719543,0.2760162353515625,0.001937205443930143,1.0,0.224609375
Tr_pituitary_Tr-pi_442,0,1,clipped,512.0,0.6272315382957458,0.0,0.6078431606292725,0.6078431606292725,0.08738327026367188,0.002930312023409833,1.0,0.041015625
Tr_pituitary_Tr-pi_466,0,1,underexposed,512.0,0.5962797403335571,0.0,0.5333333611488342,0.5333333611488342,0.018909454345703125,0.0032890393220744267,1.0,0.013671875
Tr_pituitary_Tr-pi_485,0,1,clipped,512.0,0.790693998336792,0.0,0.7333333492279053,0.7333333492279053,0.27301025390625,0.0026184592006543352,1.0,0.22265625
Tr_pituitary_Tr-pi_491,1,0,clipped,512.0,0.43166932463645935,0.0,0.7568627595901489,0.7568627595901489,0.0211639404296875,0.0022140072561098864,1.0,0.0703125
Tr_pituitary_Tr-pi_495,0,1,clipped,512.0,0.6082942485809326,0.0,0.6666666865348816,0.6666666865348816,0.08486557006835938,0.002847708766035414,1.0,0.072265625
Tr_pituitary_Tr-pi_52,0,1,clipped,512.0,0.5472418665885925,0.0,0.6745098233222961,0.6745098233222961,0.08049392700195312,0.0027907272877142615,1.0,0.0390625
Tr_pituitary_Tr-pi_534,0,0,,512.0,0.5073288679122925,0.0,0.7254902124404907,0.7254902124404907,0.012752532958984375,0.0026920267925066464,1.0,0.0
Tr_pituitary_Tr-pi_547,0,1,clipped,512.0,0.6425621509552002,0.0,0.6627451181411743,0.6627451181411743,0.2760009765625,0.0025061016683936696,1.0,0.22265625
Tr_pituitary_Tr-pi_548,0,1,clipped,512.0,0.7439863681793213,0.0,0.5960784554481506,0.5960784554481506,0.2115020751953125,0.0029112081609535033,1.0,0.19140625
Tr_pituitary_Tr-pi_557,1,1,underexposed;clipped,512.0,0.756901741027832,0.0,0.5333333611488342,0.5333333611488342,0.0243988037109375,0.003559051348039143,1.0,0.1015625
Tr_pituitary_Tr-pi_561,0,1,clipped,512.0,0.6678022742271423,0.0,0.7019608020782471,0.7019608020782471,0.08321762084960938,0.0029211353498695843,1.0,0.05078125
Tr_pituitary_Tr-pi_575,0,1,clipped,512.0,0.4185533821582794,0.0,0.6274510025978088,0.6274510025978088,0.272674560546875,0.0021007531089874284,1.0,0.22265625
Tr_pituitary_Tr-pi_578,0,1,clipped,512.0,0.7735540270805359,0.0,0.5803921818733215,0.5803921818733215,0.08656692504882812,0.0035148871670350515,1.0,0.07421875
Tr_pituitary_Tr-pi_594,0,0,,512.0,0.4533674716949463,0.0,0.658823549747467,0.658823549747467,0.011951446533203125,0.002650164941291831,1.0,0.0
Tr_pituitary_Tr-pi_633,0,2,underexposed;clipped,512.0,0.718727707862854,0.0,0.5490196347236633,0.5490196347236633,0.08530807495117188,0.004450600817913546,1.0,0.0078125
Tr_pituitary_Tr-pi_648,0,0,,512.0,0.46979427337646484,0.0,0.6235294342041016,0.6235294342041016,0.01446533203125,0.002700236432412197,1.0,0.0078125
Tr_pituitary_Tr-pi_659,0,1,clipped,512.0,0.6678342819213867,0.0,0.6431372761726379,0.6431372761726379,0.08260726928710938,0.003121885436870096,1.0,0.0390625
Tr_pituitary_Tr-pi_672,2,0,low_resolution;clipped,256.0,0.4593101441860199,0.0,0.6397058963775635,0.6397058963775635,0.031341552734375,0.0009118504506527305,1.0,0.01171875
Tr_pituitary_Tr-pi_704,0,1,clipped,512.0,0.5824373960494995,0.0,0.6705882549285889,0.6705882549285889,0.08139801025390625,0.002958048350690751,1.0,0.046875
Tr_pituitary_Tr-pi_709,0,1,clipped,512.0,0.5424234867095947,0.0,0.6627451181411743,0.6627451181411743,0.08129119873046875,0.002383109222233015,1.0,0.228515625
Tr_pituitary_Tr-pi_713,0,0,,512.0,0.37239012122154236,0.0,0.800000011920929,0.800000011920929,0.017093658447265625,0.0021240676749140555,1.0,0.0078125
Tr_pituitary_Tr-pi_753,0,1,clipped,512.0,0.5538634061813354,0.0,0.7137255072593689,0.7137255072593689,0.08945465087890625,0.0025593313043651774,1.0,0.08984375
Tr_pituitary_Tr-pi_757,0,0,,512.0,0.576176106929779,0.0,0.658823549747467,0.658823549747467,0.0164794921875,0.0029302261090290087,1.0,0.060546875
Tr_pituitary_Tr-pi_779,0,0,,512.0,0.5105242133140564,0.0,0.6784313917160034,0.6784313917160034,0.0114898681640625,0.0026785304307498604,1.0,0.0
Tr_pituitary_Tr-pi_78,0,1,clipped,512.0,0.630016565322876,0.0,0.658823549747467,0.658823549747467,0.0844879150390625,0.0027917204498441625,1.0,0.060546875
Tr_pituitary_Tr-pi_780,1,0,clipped,512.0,0.5223518013954163,0.0,0.6039215922355652,0.6039215922355652,0.07762527465820312,0.0031059858550629444,1.0,0.0390625
Tr_pituitary_Tr-pi_784,0,0,,512.0,0.2839135527610779,0.0,0.7568627595901489,0.7568627595901489,0.0193939208984375,0.0020382537583757635,1.0,0.123046875
Tr_pituitary_Tr-pi_802,2,0,low_resolution;clipped,256.0,0.3154684901237488,0.0009803922148421407,0.5517157316207886,0.5507353394059464,0.022613525390625,0.0008003807216876389,1.0,0.041015625
Tr_pituitary_Tr-pi_818,0,1,clipped,512.0,0.5632362961769104,0.0,0.5529412031173706,0.5529412031173706,0.2731475830078125,0.0027361935349927134,1.0,0.22265625
Tr_pituitary_Tr-pi_864,1,0,clipped,512.0,0.5160697102546692,0.0,0.6392157077789307,0.6392157077789307,0.075531005859375,0.0030213029162527373,1.0,0.037109375
Tr_pituitary_Tr-pi_914,0,1,clipped,512.0,0.7610623836517334,0.0,0.5803921818733215,0.5803921818733215,0.0835723876953125,0.0032647549295671836,1.0,0.03515625
Tr_pituitary_Tr-pi_925,0,1,clipped,512.0,0.5887176990509033,0.0,0.5921568870544434,0.5921568870544434,0.08556747436523438,0.0027806222389786584,1.0,0.078125
Tr_pituitary_Tr-pi_930,0,1,clipped,512.0,0.7584280371665955,0.0,0.7019608020782471,0.7019608020782471,0.278564453125,0.0025143417520534237,1.0,0.22265625
Tr_pituitary_Tr-pi_938,0,0,,512.0,0.48633450269699097,0.0,0.729411780834198,0.729411780834198,0.012462615966796875,0.002505621699016836,1.0,0.076171875
Tr_pituitary_Tr-pi_947,0,0,,512.0,0.49019259214401245,0.0,0.6705882549285889,0.6705882549285889,0.01340484619140625,0.0026720610132057307,1.0,0.0
Tr_pituitary_Tr-pi_963,0,1,clipped,512.0,0.5931094288825989,0.0,0.7529411911964417,0.7529411911964417,0.08194351196289062,0.0028510761442517426,1.0,0.009765625
Tr_pituitary_Tr-pi_993,0,1,clipped,512.0,0.7343751788139343,0.0,0.6392157077789307,0.6392157077789307,0.08468246459960938,0.0031433833894086408,1.0,0.029296875
Te_glioma_Te-gl_101,1,0,clipped,512.0,0.3344058096408844,0.0,0.7647058963775635,0.7647058963775635,0.030452728271484375,0.0021521288612004817,1.0,0.080078125
Te_glioma_Te-gl_11,1,0,clipped,512.0,0.43661758303642273,0.0,0.6980392336845398,0.6980392336845398,0.04141998291015625,0.0020022761174614753,1.0,0.240234375
Te_glioma_Te-gl_113,1,0,clipped,512.0,0.351738303899765,0.0,0.7607843279838562,0.7607843279838562,0.03607177734375,0.0021176611557272907,1.0,0.095703125
Te_glioma_Te-gl_122,0,1,clipped,512.0,0.4296974837779999,0.0,0.5686274766921997,0.5686274766921997,0.242645263671875,0.002048962565131578,1.0,0.29296875
Te_glioma_Te-gl_123,0,1,clipped,512.0,0.42597052454948425,0.0,0.5960784554481506,0.5960784554481506,0.3462104797363281,0.0017605275042014853,1.0,0.287109375
Te_glioma_Te-gl_124,1,0,clipped,512.0,0.5314046144485474,0.0,0.658823549747467,0.658823549747467,0.02349853515625,0.002165199012878947,1.0,0.212890625
Te_glioma_Te-gl_130,0,1,clipped,512.0,0.300740510225296,0.0,0.658823549747467,0.658823549747467,0.1756134033203125,0.0018843349086084481,1.0,0.224609375
Te_glioma_Te-gl_137,1,0,clipped,512.0,0.6304334402084351,0.0,0.6431372761726379,0.6431372761726379,0.03874969482421875,0.0026841680323736322,1.0,0.06640625
Te_glioma_Te-gl_141,1,1,clipped;unusual_framing,512.0,0.46618494391441345,0.0,0.5764706134796143,0.5764706134796143,0.34290313720703125,0.0017263322308875386,1.0,0.3515625
Te_glioma_Te-gl_143,1,0,low_resolution,236.0,0.39709702134132385,0.239215686917305,0.7639835059642792,0.5247678190469742,1.4219087703332954e-05,0.0009396967615419346,0.7919463087248322,0.15308641975308643
Te_glioma_Te-gl_146,0,1,clipped,512.0,0.5858691334724426,0.0,0.5882353186607361,0.5882353186607361,0.3215751647949219,0.0020466463936088955,1.0,0.26953125
Te_glioma_Te-gl_148,1,0,clipped,512.0,0.40043172240257263,0.0,0.7098039388656616,0.7098039388656616,0.029296875,0.00223188384220118,1.0,0.099609375
Te_glioma_Te-gl_17,1,0,clipped,512.0,0.6703723669052124,0.0,0.6823529601097107,0.6823529601097107,0.032306671142578125,0.002426435050638745,1.0,0.1328125
Te_glioma_Te-gl_173,1,0,clipped,512.0,0.5310122966766357,0.0,0.6313725709915161,0.6313725709915161,0.0406036376953125,0.002088981909822286,1.0,0.259765625
Te_glioma_Te-gl_189,0,0,,437.0,0.10983166098594666,0.025152013935148716,0.9430770140886309,0.9179250001534821,5.05150004293775e-06,0.000677852286453014,1.036613272311213,0.0
Te_glioma_Te-gl_193,1,0,clipped,512.0,0.36636701226234436,0.0,0.7490196228027344,0.7490196228027344,0.029876708984375,0.0019533860039891867,1.0,0.146484375
Te_glioma_Te-gl_200,0,1,clipped,512.0,0.583294153213501,0.0,0.6022353178262985,0.6022353178262985,0.3279380798339844,0.0021584015500451257,1.0,0.30078125
Te_glioma_Te-gl_201,1,0,clipped,512.0,0.24719718098640442,0.0,0.5764706134796143,0.5764706134796143,0.036060333251953125,0.002553227944323118,1.0,0.0859375
Te_glioma_Te-gl_206,0,1,clipped,512.0,0.5089273452758789,0.0,0.615686297416687,0.615686297416687,0.21915435791015625,0.002189858070740006,1.0,0.232421875
Te_glioma_Te-gl_209,1,2,underexposed;clipped;unusual_framing,512.0,0.48088493943214417,0.0,0.545098066329956,0.545098066329956,0.2606315612792969,0.001610921664923486,1.0,0.4296875
Te_glioma_Te-gl_222,1,1,underexposed;clipped,512.0,0.8251107931137085,0.0,0.4745098054409027,0.4745098054409027,0.036815643310546875,0.0029492002879197765,1.0,0.125
Te_glioma_Te-gl_231,1,0,clipped,512.0,0.6192928552627563,0.0,0.6078431606292725,0.6078431606292725,0.036640167236328125,0.0024327540210041963,1.0,0.146484375
Te_glioma_Te-gl_240,1,0,clipped,512.0,0.5405966639518738,0.0,0.6196078658103943,0.6196078658103943,0.043491363525390625,0.002510869644282023,1.0,0.17578125
Te_glioma_Te-gl_245,1,0,clipped,512.0,0.312185674905777,0.0,0.6823529601097107,0.6823529601097107,0.0263824462890625,0.001893464246046659,1.0,0.16015625
Te_glioma_Te-gl_254,0,1,clipped,512.0,0.3676663637161255,0.0,0.5607843399047852,0.5607843399047852,0.34410858154296875,0.0017494051773379962,1.0,0.302734375
Te_glioma_Te-gl_266,1,0,clipped,512.0,0.6450980305671692,0.0,0.6705882549285889,0.6705882549285889,0.0371551513671875,0.0024413512088007475,1.0,0.19140625
Te_glioma_Te-gl_267,0,2,underexposed;clipped,512.0,0.4412899911403656,0.0,0.501960813999176,0.501960813999176,0.3375892639160156,0.0018873924702285019,1.0,0.310546875
Te_glioma_Te-gl_268,1,0,clipped,512.0,0.7300747632980347,0.0,0.637529433369664,0.637529433369664,0.034008026123046875,0.002799801119659658,1.0,0.064453125
Te_glioma_Te-gl_282,0,2,underexposed;clipped,512.0,0.6056059002876282,0.0,0.5372549295425415,0.5372549295425415,0.3386497497558594,0.0017603314515855248,1.0,0.337890625
Te_glioma_Te-gl_307,0,2,underexposed;clipped,512.0,0.6150259375572205,0.0,0.5333333611488342,0.5333333611488342,0.22587203979492188,0.002436491925607992,1.0,0.2890625
Te_glioma_Te-gl_308,1,0,clipped,512.0,0.2820853292942047,0.0,0.7254902124404907,0.7254902124404907,0.026859283447265625,0.001824221267957558,1.0,0.123046875
Te_glioma_Te-gl_315,1,0,clipped,512.0,0.31860238313674927,0.0,0.7176470756530762,0.7176470756530762,0.0265655517578125,0.0018858488115223394,1.0,0.2578125
Te_glioma_Te-gl_348,1,1,clipped;unusual_framing,512.0,0.43430641293525696,0.0,0.5843137502670288,0.5843137502670288,0.3451042175292969,0.0015781247225413527,1.0,0.36328125
Te_glioma_Te-gl_365,1,0,clipped,512.0,0.3242647051811218,0.0,0.7254902124404907,0.7254902124404907,0.022953033447265625,0.0018211911473202053,1.0,0.16796875
Te_glioma_Te-gl_384,1,0,clipped,512.0,0.3039058446884155,0.0,0.6509804129600525,0.6509804129600525,0.032871246337890625,0.0022878222425883692,1.0,0.08984375
Te_glioma_Te-gl_39,0,1,low_resolution,200.0,0.12037908285856247,0.007621463527902961,0.9937583893537522,0.9861369258258492,0.015384615384615385,0.0004252868657802608,0.8547008547008547,0.0
Te_glioma_Te-gl_392,1,1,clipped;unusual_framing,512.0,0.4876788258552551,0.0,0.6117647290229797,0.6117647290229797,0.24975967407226562,0.0020084237063424408,1.0,0.388671875
Te_glioma_Te-gl_395,1,0,clipped,512.0,0.2982790172100067,0.0,0.7411764860153198,0.7411764860153198,0.034698486328125,0.0021189882213006423,1.0,0.10546875
Te_glioma_Te-gl_40,1,0,clipped,512.0,0.5619093179702759,0.0,0.5882353186607361,0.5882353186607361,0.03607177734375,0.0025864670592581985,1.0,0.103515625
Te_glioma_Te-gl_41,1,0,clipped,512.0,0.4273436665534973,0.0,0.658823549747467,0.658823549747467,0.03493499755859375,0.0021006837469165975,1.0,0.171875
Te_glioma_Te-gl_44,0,1,clipped,512.0,0.565313458442688,0.0,0.6039215922355652,0.6039215922355652,0.22715377807617188,0.0022426033424176677,1.0,0.29296875
Te_glioma_Te-gl_5,0,2,underexposed;clipped,512.0,0.5672653317451477,0.0,0.5372549295425415,0.5372549295425415,0.3384246826171875,0.0020953579634107227,1.0,0.28125
Te_glioma_Te-gl_54,1,0,clipped,512.0,0.5058470368385315,0.0,0.6627451181411743,0.6627451181411743,0.0250701904296875,0.0021388724684238917,1.0,0.2265625
Te_glioma_Te-gl_62,1,1,low_resolution;clipped,317.0,0.13323606550693512,0.0,0.7806950879096984,0.7806950879096984,0.29824912790212477,0.0006025644181376278,0.8386243386243386,0.07226107226107226
Te_glioma_Te-gl_65,1,0,clipped,512.0,0.23790305852890015,0.0,0.7137255072593689,0.7137255072593689,0.037322998046875,0.001786036387738895,1.0,0.2109375
Te_glioma_Te-gl_7,1,0,clipped,512.0,0.39515113830566406,0.0,0.572549045085907,0.572549045085907,0.043476104736328125,0.0024836620579740884,1.0,0.16015625
Te_glioma_Te-gl_77,0,1,clipped,512.0,0.5587552785873413,0.0,0.686274528503418,0.686274528503418,0.2878303527832031,0.0020699727712275625,1.0,0.279296875
Te_glioma_Te-gl_79,1,0,clipped,512.0,0.4251527190208435,0.0,0.5803921818733215,0.5803921818733215,0.042423248291015625,0.0022218675993273527,1.0,0.234375
Te_glioma_Te-gl_80,0,1,clipped,512.0,0.4965667128562927,0.0,0.6392157077789307,0.6392157077789307,0.23118209838867188,0.002124661467799694,1.0,0.298828125
Te_glioma_Te-gl_81,0,1,clipped,512.0,0.44068029522895813,0.0,0.6078431606292725,0.6078431606292725,0.23127365112304688,0.0021839387312713684,1.0,0.263671875
Te_glioma_Te-gl_82,1,0,clipped,512.0,0.491684228181839,0.0,0.7176470756530762,0.7176470756530762,0.02923583984375,0.0022854141891815887,1.0,0.166015625
Te_glioma_Te-gl_83,0,1,clipped,512.0,0.22804629802703857,0.0,0.6392157077789307,0.6392157077789307,0.3352165222167969,0.001361433061588182,1.0,0.33984375
Te_glioma_Te-gl_88,0,1,clipped,512.0,0.2039463371038437,0.0,0.6784313917160034,0.6784313917160034,0.2971649169921875,0.0014453065100487746,1.0,0.328125
Te_glioma_Te-gl_9,0,1,clipped,512.0,0.7240052223205566,0.0,0.6235294342041016,0.6235294342041016,0.32503509521484375,0.0018522465580949944,1.0,0.279296875
Te_meningioma_Te-aug-me_11,0,1,clipped,512.0,0.3354732096195221,0.0,0.7215686440467834,0.7215686440467834,0.1862030029296875,0.001851646604944181,1.0,0.23046875
Te_meningioma_Te-aug-me_17,0,1,clipped,512.0,0.33403390645980835,0.0,0.7019608020782471,0.7019608020782471,0.08463287353515625,0.0019753870831920885,1.0,0.232421875
Te_meningioma_Te-aug-me_2,1,1,clipped;unusual_framing,512.0,0.13252542912960052,0.0,0.6470588445663452,0.6470588445663452,0.2852325439453125,0.0013113952278369474,1.0,0.357421875
Te_meningioma_Te-aug-me_25,0,1,clipped,512.0,0.2891853451728821,0.0,0.5882353186607361,0.5882353186607361,0.3128204345703125,0.0019678034551960486,1.0,0.2734375
Te_meningioma_Te-aug-me_39,0,1,clipped,512.0,0.3213813602924347,0.0,0.6627451181411743,0.6627451181411743,0.14894866943359375,0.0020543048996213165,1.0,0.109375
Te_meningioma_Te-aug-me_40,0,1,clipped,512.0,0.34894487261772156,0.0,0.6784313917160034,0.6784313917160034,0.16859054565429688,0.0021258785341128385,1.0,0.291015625
Te_meningioma_Te-aug-me_59,0,1,clipped,512.0,0.2844412624835968,0.0,0.6941176652908325,0.6941176652908325,0.19209671020507812,0.0018668527197085146,1.0,0.275390625
Te_meningioma_Te-aug-me_77,0,1,clipped,512.0,0.510673463344574,0.0,0.7019608020782471,0.7019608020782471,0.14236068725585938,0.0021035955561386067,1.0,0.201171875
Te_meningioma_Te-me_105,1,1,low_resolution;clipped,323.0,0.10308057069778442,0.0,0.8588927644491196,0.8588927644491196,0.2748266434921152,0.0004096850508382761,0.9444444444444444,0.21694214876033058
Te_meningioma_Te-me_11,1,0,clipped,512.0,0.31461378931999207,0.0,0.7568627595901489,0.7568627595901489,0.027439117431640625,0.0016809291745232264,1.0,0.14453125
Te_meningioma_Te-me_110,0,1,clipped,512.0,0.2441592961549759,0.0,0.7372549176216125,0.7372549176216125,0.170562744140625,0.0017560074363688466,1.0,0.154296875
Te_meningioma_Te-me_134,0,0,,512.0,0.3381175100803375,0.0,0.8117647171020508,0.8117647171020508,0.019500732421875,0.0019666272976433304,1.0,0.123046875
Te_meningioma_Te-me_139,1,0,low_resolution,322.0,1.9072545766830444,0.03416713941842318,0.9883864134550095,0.9542192740365864,0.007658102766798419,0.00040250070866101374,1.093167701863354,0.004273504273504274
Te_meningioma_Te-me_160,0,1,clipped,512.0,0.6281809210777283,0.0,0.7254902124404907,0.7254902124404907,0.292572021484375,0.0018613372729389592,1.0,0.328125
Te_meningioma_Te-me_184,1,0,low_resolution,370.0,0.0919722244143486,0.07405933305621147,0.8231494230031967,0.7490900899469852,0.0,0.0005453044564715966,1.0108108108108107,0.041015625
Te_meningioma_Te-me_191,0,1,clipped,512.0,0.27461835741996765,0.0,0.729411780834198,0.729411780834198,0.26900482177734375,0.0016120416316972377,1.0,0.240234375
Te_meningioma_Te-me_20,1,1,low_resolution;clipped,289.0,0.07748984545469284,0.0,0.7650173157453537,0.7650173157453537,0.2560064903329228,0.0004740800197081053,0.8163841807909604,0.1507177033492823
Te_meningioma_Te-me_201,1,0,clipped,512.0,0.5890162587165833,0.0,0.7372549176216125,0.7372549176216125,0.024383544921875,0.00233177714285692,1.0,0.142578125
Te_meningioma_Te-me_204,1,0,clipped,512.0,0.33756425976753235,0.0,0.6941176652908325,0.6941176652908325,0.031909942626953125,0.0021238894608362913,1.0,0.123046875
Te_meningioma_Te-me_207,1,1,low_resolution;clipped,200.0,0.43268415331840515,0.0009152880520559847,0.8968225049972534,0.8959072169451974,0.042869955156950676,0.0002625280878998947,0.8968609865470852,0.0
Te_meningioma_Te-me_22,1,1,clipped;unusual_framing,512.0,0.19846507906913757,0.0,0.6980392336845398,0.6980392336845398,0.17214584350585938,0.0014618543511699762,1.0,0.36328125
Te_meningioma_Te-me_232,1,1,low_resolution;clipped,338.0,0.10181434452533722,0.0,0.8499211710691449,0.8499211710691449,0.3019723865877712,0.0004158653953509214,0.9797101449275363,0.14342629482071714
Te_meningioma_Te-me_242,0,1,underexposed,512.0,0.8926901817321777,0.0,0.5176470875740051,0.5176470875740051,0.019927978515625,0.0032228430165059125,1.0,0.0234375
Te_meningioma_Te-me_248,1,0,clipped,512.0,0.47712138295173645,0.0,0.615686297416687,0.615686297416687,0.026958465576171875,0.0021525369843343025,1.0,0.154296875
Te_meningioma_Te-me_257,1,0,clipped,512.0,0.3849414885044098,0.0,0.7411764860153198,0.7411764860153198,0.027019500732421875,0.002255421166768353,1.0,0.08984375
Te_meningioma_Te-me_263,1,0,clipped,512.0,0.26304638385772705,0.0,0.7372549176216125,0.7372549176216125,0.020236968994140625,0.0021404860569960793,1.0,0.123046875
Te_meningioma_Te-me_264,1,0,clipped,512.0,0.18893307447433472,0.0,0.772549033164978,0.772549033164978,0.034740447998046875,0.0015903861925830494,1.0,0.123046875
Te_meningioma_Te-me_273,1,0,clipped,512.0,0.43413013219833374,0.0,0.6549019813537598,0.6549019813537598,0.024814605712890625,0.002274103399024959,1.0,0.189453125
Te_meningioma_Te-me_282,1,0,clipped,512.0,0.29329147934913635,0.0,0.7490196228027344,0.7490196228027344,0.026134490966796875,0.0019369287014552638,1.0,0.13671875
Te_meningioma_Te-me_284,0,1,clipped,512.0,0.2863997220993042,0.0,0.7277255064249313,0.7277255064249313,0.192718505859375,0.0021073988971481274,1.0,0.14453125
Te_meningioma_Te-me_289,1,0,clipped,512.0,0.22929126024246216,0.0,0.7277255064249313,0.7277255064249313,0.02727508544921875,0.001806950431510985,1.0,0.16796875
Te_meningioma_Te-me_30,1,1,low_resolution;clipped,369.0,0.09821715205907822,0.0,0.9960784316062927,0.9960784316062927,0.2275462248293369,0.0006898275927389379,0.9341772151898734,0.0546875
Te_meningioma_Te-me_36,1,0,clipped,512.0,0.23445361852645874,0.0,0.7450980544090271,0.7450980544090271,0.07341384887695312,0.001783156027285973,1.0,0.16015625
Te_meningioma_Te-me_48,1,0,clipped,512.0,0.31039804220199585,0.0,0.7215686440467834,0.7215686440467834,0.0216827392578125,0.0019807182202237626,1.0,0.125
Te_meningioma_Te-me_5,1,1,low_resolution;clipped,248.0,0.06956780701875687,0.0,0.7405138295888901,0.7405138295888901,0.22513179364880131,0.0002782423827974749,1.0362903225806452,0.107421875
Te_meningioma_Te-me_6,1,1,low_resolution;clipped,278.0,0.35842862725257874,0.0,0.9353473782539368,0.9353473782539368,0.2888979725310661,0.0006160370817759711,1.5827338129496402,0.0
Te_meningioma_Te-me_9,1,0,low_resolution,330.0,0.1560717672109604,0.07519755110144616,0.9039280164241791,0.828730465322733,0.00025608194622279127,0.0004896494388875035,0.9295774647887324,0.013671875
Te_meningioma_Te-me_95,1,1,low_resolution;clipped,208.0,0.5919051766395569,0.00381412822753191,0.7133350282907487,0.7095209000632168,0.024117600506489395,0.0005680553394041464,0.8559670781893004,0.0
Te_notumor_Te-no_1,1,1,low_resolution;clipped,200.0,0.36078059673309326,0.0,0.9113488817214968,0.9113488817214968,0.054907407407407405,0.0004979396948709694,0.7936507936507936,0.0
Te_notumor_Te-no_101,0,2,low_resolution;clipped,222.0,0.5929660797119141,0.0,0.628814046382903,0.628814046382903,0.29707901734333453,0.0006180606935285098,1.0225225225225225,0.1796875
Te_notumor_Te-no_13,1,0,low_resolution,225.0,0.5104659199714661,0.05537945620715618,0.9814472705125808,0.9260678143054246,0.014676543209876543,0.000803693819514492,1.0,0.27734375
Te_notumor_Te-no_138,1,0,clipped,444.0,0.4385727345943451,0.0,0.996581866145134,0.996581866145134,0.048442673442673445,0.0018243148148082609,1.054054054054054,0.04938271604938271
Te_notumor_Te-no_15,2,0,low_resolution;clipped,225.0,0.4068394899368286,0.0008386949193663895,0.7182877504825593,0.7174490555631929,0.03150617283950617,0.0006010733379580201,1.0,0.330078125
Te_notumor_Te-no_151,0,2,low_resolution;clipped,194.0,0.4783613383769989,0.0,0.9751884901523589,0.9751884901523589,0.08888269713011981,0.0004789524289852812,0.749034749034749,0.0
Te_notumor_Te-no_166,0,0,,630.0,0.823993444442749,0.03529411926865578,0.9871701008081438,0.951875981539488,0.006218190980095742,0.0020883840987772134,1.0,0.31640625
Te_notumor_Te-no_167,2,0,low_resolution;clipped,236.0,0.08817403018474579,0.0031709561590105295,0.9991301274299622,0.9959591712709517,0.032479890835966675,0.00029060844406095774,1.0,0.23828125
Te_notumor_Te-no_18,1,0,low_resolution,230.0,0.4314991533756256,0.022354029398411513,0.6457060843706134,0.6233520549722019,0.002713536848596978,0.0008314860713840875,0.8156028368794326,0.1953125
Te_notumor_Te-no_181,1,1,low_resolution;clipped,218.0,0.18228259682655334,0.0023810870479792356,0.6675162106752394,0.6651351236272601,0.025795305611819374,0.0002790675722661814,0.9437229437229437,0.14492753623188406
Te_notumor_Te-no_182,0,1,low_resolution,200.0,0.3312552869319916,0.016788540650159122,0.717635365128518,0.7008468244783589,0.008412698412698413,0.0004962155276980097,0.7936507936507936,0.0
Te_notumor_Te-no_2,0,2,low_resolution;clipped,217.0,0.3022279143333435,0.0,0.9070353949069977,0.9070353949069977,0.35100508501509614,0.0007461145882795043,1.0691244239631337,0.267578125
Te_notumor_Te-no_219,1,1,low_resolution;clipped,194.0,0.47444596886634827,0.0,0.9750669020414352,0.9750669020414352,0.06770688213987183,0.00047575921419989564,0.749034749034749,0.0
Te_notumor_Te-no_223,1,0,clipped,630.0,0.6854003667831421,0.05974479019641876,1.0,0.9402552098035812,0.053038548752834466,0.0033595676058993155,1.0,0.310546875
Te_notumor_Te-no_228,0,2,low_resolution;clipped,214.0,0.07752826809883118,0.0,0.8088034856319425,0.8088034856319425,0.11085702923046331,0.00020887380662708827,1.0981308411214954,0.05078125
Te_notumor_Te-no_279,1,1,low_resolution;clipped,200.0,0.3615213632583618,0.0,0.9970829486846924,0.9970829486846924,0.05138227513227513,0.0007634796334015875,0.7936507936507936,0.0
Te_notumor_Te-no_291,1,1,low_resolution;clipped,221.0,0.29734331369400024,0.000619669175939635,0.9879494446516037,0.9873297754756641,0.02339842819718981,0.00045213936507039113,1.0316742081447965,0.291015625
Te_notumor_Te-no_299,0,2,low_resolution;clipped,221.0,0.3169552981853485,0.0,0.8023054027557373,0.8023054027557373,0.46300706517424783,0.0003310294153456733,1.0316742081447965,0.28515625
Te_notumor_Te-no_302,0,1,low_resolution,150.0,0.23298317193984985,0.005590508342720568,0.7274187743663794,0.7218282660236588,0.018518518518518517,0.0002280958086952446,0.7575757575757576,0.005859375
Te_notumor_Te-no_322,1,0,low_resolution,359.0,0.5489839911460876,0.007843137718737125,0.7422608947753905,0.7344177570566534,0.005719922328169687,0.0013184005202679832,0.799554565701559,0.07090464547677261
Te_notumor_Te-no_384,1,2,low_resolution;clipped;unusual_framing,183.0,0.2663804292678833,0.0,0.6155461502075195,0.6155461502075195,0.549190263288624,0.0006203322029926416,1.5027322404371584,0.470703125
Te_notumor_Te-no_55,1,1,low_resolution;underexposed,227.0,0.2408185750246048,0.03543455682694912,0.5422608554363253,0.5068262986093762,0.00010088442008272523,0.0006922288966826929,0.8664122137404581,0.0859375
Te_notumor_Te-no_96,1,1,low_resolution;clipped,212.0,0.5305047631263733,0.010952819138765335,0.9976596421003342,0.9867068229615689,0.0359124781988267,0.0007549602294682517,0.8907563025210085,0.0
Te_pituitary_Te-pi_115,0,1,clipped,512.0,0.5538766980171204,0.0,0.6352941393852234,0.6352941393852234,0.085052490234375,0.0028124583050628676,1.0,0.052734375
Te_pituitary_Te-pi_140,0,1,clipped,512.0,0.5747681856155396,0.0,0.615686297416687,0.615686297416687,0.09686660766601562,0.0031555909401761867,1.0,0.046875
Te_pituitary_Te-pi_143,0,1,clipped,512.0,0.6439677476882935,0.0,0.6313725709915161,0.6313725709915161,0.08336639404296875,0.0030389315717809615,1.0,0.087890625
Te_pituitary_Te-pi_169,0,1,clipped,512.0,0.6173083782196045,0.0,0.7568627595901489,0.7568627595901489,0.0840606689453125,0.0029546421873108955,1.0,0.013671875
Te_pituitary_Te-pi_17,0,0,,512.0,0.5400986075401306,0.0,0.615686297416687,0.615686297416687,0.013011932373046875,0.00289687059903334,1.0,0.001953125
Te_pituitary_Te-pi_175,0,0,,512.0,0.8268412351608276,0.0,0.6745098233222961,0.6745098233222961,0.013946533203125,0.002757697523640898,1.0,0.013671875
Te_pituitary_Te-pi_187,0,0,,512.0,0.4113195836544037,0.0,0.6901960968971252,0.6901960968971252,0.015567779541015625,0.0026240945540977646,1.0,0.06640625
Te_pituitary_Te-pi_202,0,1,clipped,512.0,0.6167640089988708,0.0,0.6392157077789307,0.6392157077789307,0.08530044555664062,0.0029910412207823246,1.0,0.064453125
Te_pituitary_Te-pi_203,0,0,,512.0,0.4956997334957123,0.0,0.7372549176216125,0.7372549176216125,0.012447357177734375,0.002509680325989625,1.0,0.0703125
Te_pituitary_Te-pi_217,1,0,low_resolution,256.0,0.2532755434513092,0.002205882454290986,0.6401960849761963,0.6379902025219053,0.0172576904296875,0.0006455398550297195,1.0,0.025390625
Te_pituitary_Te-pi_234,0,1,clipped,512.0,0.6615738272666931,0.0,0.7098039388656616,0.7098039388656616,0.08622360229492188,0.002941689259031596,1.0,0.0546875
Te_pituitary_Te-pi_242,1,0,clipped,512.0,0.34718751907348633,0.0,0.7137255072593689,0.7137255072593689,0.02463531494140625,0.002188957561634827,1.0,0.005859375
Te_pituitary_Te-pi_277,0,2,underexposed;clipped,512.0,0.621895432472229,0.0,0.5490196347236633,0.5490196347236633,0.08573532104492188,0.002743117681657355,1.0,0.076171875
Te_pituitary_Te-pi_282,0,0,,512.0,0.5258828997612,0.0,0.6745098233222961,0.6745098233222961,0.015727996826171875,0.0027231271379814037,1.0,0.0
Te_pituitary_Te-pi_285,0,0,,512.0,0.5886231660842896,0.0,0.6941176652908325,0.6941176652908325,0.01375579833984375,0.0028745269664624614,1.0,0.0
Te_pituitary_Te-pi_290,1,0,clipped,512.0,0.3850150406360626,0.0,0.7882353067398071,0.7882353067398071,0.021087646484375,0.0020607167838395434,1.0,0.068359375
Te_pituitary_Te-pi_325,1,0,clipped,512.0,0.38006556034088135,0.0,0.7647058963775635,0.7647058963775635,0.025585174560546875,0.002043937280366502,1.0,0.0703125
Te_pituitary_Te-pi_330,1,0,clipped,512.0,0.3460247814655304,0.0,0.7098039388656616,0.7098039388656616,0.025386810302734375,0.0021922525120481318,1.0,0.01953125
Te_pituitary_Te-pi_333,1,0,clipped,512.0,0.37777382135391235,0.0,0.7647058963775635,0.7647058963775635,0.03031158447265625,0.002050139538216325,1.0,0.0703125
Te_pituitary_Te-pi_339,0,0,,512.0,0.3821064233779907,0.0,0.7450980544090271,0.7450980544090271,0.014667510986328125,0.002514202954743594,1.0,0.0703125
Te_pituitary_Te-pi_355,0,1,clipped,512.0,0.5998701453208923,0.0,0.6627451181411743,0.6627451181411743,0.08587265014648438,0.003038712641049983,1.0,0.083984375
Te_pituitary_Te-pi_370,0,1,clipped,512.0,0.41745367646217346,0.0,0.7686274647712708,0.7686274647712708,0.08510589599609375,0.0024369671693263155,1.0,0.044921875
Te_pituitary_Te-pi_376,0,2,underexposed;clipped,512.0,0.6948692798614502,0.0,0.545098066329956,0.545098066329956,0.0890960693359375,0.0031831671832437216,1.0,0.041015625
Te_pituitary_Te-pi_386,0,1,clipped,512.0,0.4289555847644806,0.0,0.6745098233222961,0.6745098233222961,0.08545303344726562,0.0026732043128744614,1.0,0.076171875
Te_pituitary_Te-pi_391,1,0,clipped,512.0,0.4939301609992981,0.0,0.7607843279838562,0.7607843279838562,0.078887939453125,0.0025704011714542006,1.0,0.076171875
Te_pituitary_Te-pi_396,0,1,clipped,512.0,0.8265548348426819,0.0,0.6235294342041016,0.6235294342041016,0.08081817626953125,0.0035152543504824323,1.0,0.041015625
Te_pituitary_Te-pi_41,0,1,clipped,512.0,0.5311500430107117,0.0,0.772549033164978,0.772549033164978,0.08222198486328125,0.0026539892589912844,1.0,0.0625
Te_pituitary_Te-pi_44,0,0,,512.0,0.5393292307853699,0.0,0.6431372761726379,0.6431372761726379,0.014141082763671875,0.002882660362516181,1.0,0.03515625
Te_pituitary_Te-pi_55,0,1,clipped,512.0,0.6403863430023193,0.0,0.6705882549285889,0.6705882549285889,0.27378082275390625,0.002622672809143244,1.0,0.22265625
Te_pituitary_Te-pi_59,2,0,low_resolution;clipped,256.0,0.5226738452911377,0.0,0.6551470756530762,0.6551470756530762,0.0264892578125,0.0010046270793759755,1.0,0.009765625
Te_pituitary_Te-pi_73,0,1,clipped,512.0,0.4844391942024231,0.0,0.686274528503418,0.686274528503418,0.282196044921875,0.0022368886706876233,1.0,0.22265625
Te_pituitary_Te-pi_82,0,1,clipped,512.0,0.8478983640670776,0.0,0.6470588445663452,0.6470588445663452,0.08099746704101562,0.002942822527503582,1.0,0.046875
Te_pituitary_Te-pi_86,0,1,clipped,512.0,0.4714350402355194,0.0,0.5647059082984924,0.5647059082984924,0.09031295776367188,0.0025098697493118635,1.0,0.099609375
Te_pituitary_Te-pi_9,1,0,clipped,512.0,0.6181713342666626,0.0,0.7450980544090271,0.7450980544090271,0.07806015014648438,0.0027751761206056018,1.0,0.017578125
Te_pituitary_Te-pi_99,0,1,clipped,512.0,0.6374885439872742,0.0,0.7568627595901489,0.7568627595901489,0.2644500732421875,0.0023987320725124147,1.0,0.2265625
